survey,year,species_code,haul_count,catch_count,biomass,biomass_var,strata,cv,se,bio_ll,bio_ul,RACE_name,Sci_name,BSAI_spec,EBS_Tier,AI_Tier,Shelf_Group,Slope_Group,AI_Group,remaG
AI,2010,471,418,42,3681.2,564016.6958,AI,0.204012401,751.0104498,2209.219518,5153.180482,Alaska skate,Bathyraja parmifera,Y,3,5,Alaska,Alaska,Alaska,Others
AI,2014,471,410,26,3514.9,1941306.328,AI,0.396400379,1393.307693,784.0169212,6245.783079,Alaska skate,Bathyraja parmifera,Y,3,5,Alaska,Alaska,Alaska,Others
AI,2012,471,420,17,1503.1,212348.5008,AI,0.306574991,460.8128696,599.9067756,2406.293224,Alaska skate,Bathyraja parmifera,Y,3,5,Alaska,Alaska,Alaska,Others
AI,2022,471,399,16,1193.7,247863.633,AI,0.41707217,497.8590493,217.8962634,2169.503737,Alaska skate,Bathyraja parmifera,Y,3,5,Alaska,Alaska,Alaska,Others
AI,2004,471,419,87,12922.5,8081618.042,AI,0.219989838,2842.818679,7350.575389,18494.42461,Alaska skate,Bathyraja parmifera,Y,3,5,Alaska,Alaska,Alaska,Others
AI,2016,471,419,16,1807.7,679361.5766,AI,0.455957257,824.2339332,192.201491,3423.198509,Alaska skate,Bathyraja parmifera,Y,3,5,Alaska,Alaska,Alaska,Others
AI,2006,471,357,77,13502.2,6551158.082,AI,0.189563406,2559.523019,8485.534884,18518.86512,Alaska skate,Bathyraja parmifera,Y,3,5,Alaska,Alaska,Alaska,Others
AI,2018,471,420,37,2720.4,309144.8161,AI,0.204384623,556.0079281,1630.624461,3810.175539,Alaska skate,Bathyraja parmifera,Y,3,5,Alaska,Alaska,Alaska,Others
AI,1991,471,331,20,1624.2,661581.1468,AI,0.500785856,813.3763869,29.98228164,3218.417718,Alaska skate,Bathyraja parmifera,Y,3,5,Alaska,Alaska,Alaska,Others
AI,1994,471,380,75,7133.2,2053659.353,AI,0.200899938,1433.059438,4324.403502,9941.996498,Alaska skate,Bathyraja parmifera,Y,3,5,Alaska,Alaska,Alaska,Others
AI,2000,471,419,83,9801.1,2091081.33,AI,0.147540293,1446.057167,6966.827953,12635.37205,Alaska skate,Bathyraja parmifera,Y,3,5,Alaska,Alaska,Alaska,Others
AI,2002,471,414,77,10738.6,4437563.36,AI,0.196166398,2106.552482,6609.757135,14867.44287,Alaska skate,Bathyraja parmifera,Y,3,5,Alaska,Alaska,Alaska,Others
AI,1997,471,396,72,7862.2,1715258.821,AI,0.166579189,1309.6789,5295.229356,10429.17064,Alaska skate,Bathyraja parmifera,Y,3,5,Alaska,Alaska,Alaska,Others
AI,2018,472,420,58,6690.1,3824585.175,AI,0.292320693,1955.654667,2857.016853,10523.18315,Aleutian skate,Bathyraja aleutica,Y,5,5,Aleutian,Aleutian,Aleutian,Others
AI,2012,472,420,58,6071.6,1137940.96,AI,0.175693912,1066.743156,3980.783415,8162.416585,Aleutian skate,Bathyraja aleutica,Y,5,5,Aleutian,Aleutian,Aleutian,Others
AI,2010,472,418,60,8721.2,3267355.47,AI,0.20726308,1807.58277,5178.337771,12264.06223,Aleutian skate,Bathyraja aleutica,Y,5,5,Aleutian,Aleutian,Aleutian,Others
AI,2016,472,419,47,3702.8,626239.2574,AI,0.213717404,791.3528021,2151.748508,5253.851492,Aleutian skate,Bathyraja aleutica,Y,5,5,Aleutian,Aleutian,Aleutian,Others
AI,2022,472,399,26,1537.9,137370.8172,AI,0.241001166,370.6356934,811.4540409,2264.345959,Aleutian skate,Bathyraja aleutica,Y,5,5,Aleutian,Aleutian,Aleutian,Others
AI,2006,472,357,47,6692.1,2269743.013,AI,0.225126138,1506.566631,3739.229404,9644.970596,Aleutian skate,Bathyraja aleutica,Y,5,5,Aleutian,Aleutian,Aleutian,Others
AI,2004,472,419,60,11519.1,26575830.27,AI,0.447532802,5155.175096,1414.956812,21623.24319,Aleutian skate,Bathyraja aleutica,Y,5,5,Aleutian,Aleutian,Aleutian,Others
AI,2014,472,410,66,7563.1,3332858.067,AI,0.241384048,1825.611697,3984.901074,11141.29893,Aleutian skate,Bathyraja aleutica,Y,5,5,Aleutian,Aleutian,Aleutian,Others
AI,1994,472,380,46,3376,570021.4815,AI,0.223636751,754.9976699,1896.204567,4855.795433,Aleutian skate,Bathyraja aleutica,Y,5,5,Aleutian,Aleutian,Aleutian,Others
AI,1991,472,331,43,2423,252948.5285,AI,0.207569082,502.9398856,1437.237824,3408.762176,Aleutian skate,Bathyraja aleutica,Y,5,5,Aleutian,Aleutian,Aleutian,Others
AI,2000,472,419,45,3397.5,388135.4854,AI,0.183371657,623.0052049,2176.409798,4618.590202,Aleutian skate,Bathyraja aleutica,Y,5,5,Aleutian,Aleutian,Aleutian,Others
AI,2002,472,414,44,4710.5,662263.2483,AI,0.172762038,813.7955814,3115.460661,6305.539339,Aleutian skate,Bathyraja aleutica,Y,5,5,Aleutian,Aleutian,Aleutian,Others
AI,1997,472,396,32,4454.9,1826999.886,AI,0.303410985,1351.665597,1805.63543,7104.16457,Aleutian skate,Bathyraja aleutica,Y,5,5,Aleutian,Aleutian,Aleutian,Others
AI,2018,435,420,6,73.8,874.8195121,AI,0.400777073,29.57734796,15.82839801,131.771602,Bering skate,Bathyraja interrupta,Y,5,5,Bering,Bering,Bering,Others
AI,2014,435,410,11,136.6,2383.656747,AI,0.35741367,48.82270729,40.90749372,232.2925063,Bering skate,Bathyraja interrupta,Y,5,5,Bering,Bering,Bering,Others
AI,2012,435,420,7,109.1,344.7323164,AI,0.170183029,18.56696842,72.70874189,145.4912581,Bering skate,Bathyraja interrupta,Y,5,5,Bering,Bering,Bering,Others
AI,2016,435,419,4,49.9,751.3960245,AI,0.549330738,27.41160383,-3.826743506,103.6267435,Bering skate,Bathyraja interrupta,Y,5,5,Bering,Bering,Bering,Others
AI,2006,435,357,8,186.2,10382.3755,AI,0.547228477,101.8939424,-13.51212714,385.9121271,Bering skate,Bathyraja interrupta,Y,5,5,Bering,Bering,Bering,Others
AI,2022,435,399,3,34.8,487.8154109,AI,0.634670795,22.08654366,-8.489625578,78.08962558,Bering skate,Bathyraja interrupta,Y,5,5,Bering,Bering,Bering,Others
AI,2004,435,419,9,147.3,12241.70618,AI,0.751135398,110.6422441,-69.55879848,364.1587985,Bering skate,Bathyraja interrupta,Y,5,5,Bering,Bering,Bering,Others
AI,2002,435,414,5,228.7,45281.27957,AI,0.930450301,212.7939839,-188.3762084,645.7762084,Bering skate,Bathyraja interrupta,Y,5,5,Bering,Bering,Bering,Others
AI,2010,435,418,5,55.9,634.5992055,AI,0.450648525,25.19125256,6.525144985,105.274855,Bering skate,Bathyraja interrupta,Y,5,5,Bering,Bering,Bering,Others
AI,1997,435,396,13,41.7,191.757676,AI,0.332078168,13.84765959,14.55858721,68.84141279,Bering skate,Bathyraja interrupta,Y,5,5,Bering,Bering,Bering,Others
AI,1994,435,380,39,937.5,111869.4673,AI,0.356766862,334.4689332,281.940891,1593.059109,Bering skate,Bathyraja interrupta,Y,5,5,Bering,Bering,Bering,Others
AI,1991,435,331,2,39.2,774.1809288,AI,0.709798647,27.82410697,-15.33524967,93.73524967,Bering skate,Bathyraja interrupta,Y,5,5,Bering,Bering,Bering,Others
AI,2000,435,419,1,2.2,4.844087272,AI,1.00042215,2.20092873,-2.11382031,6.51382031,Bering skate,Bathyraja interrupta,Y,5,5,Bering,Bering,Bering,Others
AI,2018,420,420,3,185.2,13033.03983,AI,0.616427321,114.1623398,-38.55818599,408.958186,big skate,Beringraja binoculata,Y,5,5,Big,Minor,Big,Others
AI,2014,420,410,0,0,0,AI,0,0,0,0,big skate,Beringraja binoculata,Y,5,5,Big,Minor,Big,Others
AI,2012,420,420,3,195.3,16114.733,AI,0.649993949,126.9438183,-53.50988383,444.1098838,big skate,Beringraja binoculata,Y,5,5,Big,Minor,Big,Others
AI,2010,420,418,4,636.7,281110.4098,AI,0.832728856,530.1984627,-402.4889868,1675.888987,big skate,Beringraja binoculata,Y,5,5,Big,Minor,Big,Others
AI,2006,420,357,2,568.1,169527.8668,AI,0.724762575,411.7376189,-238.905733,1375.105733,big skate,Beringraja binoculata,Y,5,5,Big,Minor,Big,Others
AI,2022,420,399,3,213.8,20227.64822,AI,0.665219536,142.2239369,-64.95891627,492.5589163,big skate,Beringraja binoculata,Y,5,5,Big,Minor,Big,Others
AI,2016,420,419,3,1305.9,1290072.942,AI,0.869755555,1135.81378,-920.2950085,3532.095008,big skate,Beringraja binoculata,Y,5,5,Big,Minor,Big,Others
AI,2004,420,419,5,421.8,50231.39275,AI,0.531350428,224.1236104,-17.48227644,861.0822764,big skate,Beringraja binoculata,Y,5,5,Big,Minor,Big,Others
AI,2002,420,414,3,203.3,16050.6968,AI,0.623174346,126.6913446,-45.01503546,451.6150355,big skate,Beringraja binoculata,Y,5,5,Big,Minor,Big,Others
AI,1997,420,396,4,381.3,37151.03091,AI,0.505497055,192.746027,3.517787158,759.0822128,big skate,Beringraja binoculata,Y,5,5,Big,Minor,Big,Others
AI,1991,420,331,1,25.5,652.3642451,AI,1.001624398,25.54142214,-24.5611874,75.5611874,big skate,Beringraja binoculata,Y,5,5,Big,Minor,Big,Others
AI,1994,420,380,14,973.2,150630.6774,AI,0.398799508,388.1116817,212.5011039,1733.898896,big skate,Beringraja binoculata,Y,5,5,Big,Minor,Big,Others
AI,2000,420,419,7,1048.8,349035.5077,AI,0.563303081,590.7922712,-109.1528515,2206.752851,big skate,Beringraja binoculata,Y,5,5,Big,Minor,Big,Others
AI,2014,483,410,23,408.5,22673.82964,AI,0.368612772,150.5783173,113.3664981,703.6335019,butterfly skate,Bathyraja mariposa,Y,5,5,Minor,Minor,Minor,Others
AI,2012,483,420,24,307.4,9515.085214,AI,0.317323677,97.54529826,116.2112154,498.5887846,butterfly skate,Bathyraja mariposa,Y,5,5,Minor,Minor,Minor,Others
AI,2016,483,419,17,86.4,707.7406085,AI,0.307909661,26.60339468,34.25734643,138.5426536,butterfly skate,Bathyraja mariposa,Y,5,5,Minor,Minor,Minor,Others
AI,2010,483,418,7,123.2,3697.645137,AI,0.493573583,60.80826537,4.015799872,242.3842001,butterfly skate,Bathyraja mariposa,Y,5,5,Minor,Minor,Minor,Others
AI,2006,483,357,11,385.2,24072.88795,AI,0.402789201,155.1544004,81.0973753,689.3026247,butterfly skate,Bathyraja mariposa,Y,5,5,Minor,Minor,Minor,Others
AI,2022,483,399,18,173.8,3813.678133,AI,0.355322121,61.75498468,52.76023002,294.83977,butterfly skate,Bathyraja mariposa,Y,5,5,Minor,Minor,Minor,Others
AI,2002,483,414,0,0,0,AI,0,0,0,0,butterfly skate,Bathyraja mariposa,Y,5,5,Minor,Minor,Minor,Others
AI,2018,483,420,3,80.7,5277.401634,AI,0.900194881,72.64572688,-61.68562468,223.0856247,butterfly skate,Bathyraja mariposa,Y,5,5,Minor,Minor,Minor,Others
AI,1994,483,380,0,0,0,AI,0,0,0,0,butterfly skate,Bathyraja mariposa,Y,5,5,Minor,Minor,Minor,Others
AI,1991,483,331,0,0,0,AI,0,0,0,0,butterfly skate,Bathyraja mariposa,Y,5,5,Minor,Minor,Minor,Others
AI,1997,483,396,0,0,0,AI,0,0,0,0,butterfly skate,Bathyraja mariposa,Y,5,5,Minor,Minor,Minor,Others
AI,2004,483,419,9,121.8,2913.911406,AI,0.44319095,53.9806577,15.99791091,227.6020891,butterfly skate,Bathyraja mariposa,Y,5,5,Minor,Minor,Minor,Others
AI,2000,483,419,0,0,0,AI,0,0,0,0,butterfly skate,Bathyraja mariposa,Y,5,5,Minor,Minor,Minor,Others
AI,2018,475,420,2,52,1373.417422,AI,0.712685516,37.05964681,-20.63690775,124.6369078,Commander skate,Bathyraja lindbergi,Y,5,5,Minor,Commander,Minor,Others
AI,2014,475,410,0,0,0,AI,0,0,0,0,Commander skate,Bathyraja lindbergi,Y,5,5,Minor,Commander,Minor,Others
AI,2012,475,420,2,85.9,3232.170505,AI,0.661841457,56.85218118,-25.53027512,197.3302751,Commander skate,Bathyraja lindbergi,Y,5,5,Minor,Commander,Minor,Others
AI,2010,475,418,1,68.2,4655.607625,AI,1.000469402,68.2320132,-65.53474587,201.9347459,Commander skate,Bathyraja lindbergi,Y,5,5,Minor,Commander,Minor,Others
AI,2022,475,399,1,75.6,5720.994669,AI,1.000492819,75.63725715,-72.64902401,223.849024,Commander skate,Bathyraja lindbergi,Y,5,5,Minor,Commander,Minor,Others
AI,2002,475,414,1,31.4,986.5501998,AI,1.000299257,31.40939668,-30.16241749,92.96241749,Commander skate,Bathyraja lindbergi,Y,5,5,Minor,Commander,Minor,Others
AI,2000,475,419,2,50.5,1300.945401,AI,0.714230113,36.06862072,-20.19449662,121.1944966,Commander skate,Bathyraja lindbergi,Y,5,5,Minor,Commander,Minor,Others
AI,2006,475,357,1,161.4,26034.27475,AI,0.999698894,161.3514014,-154.8487468,477.6487468,Commander skate,Bathyraja lindbergi,Y,5,5,Minor,Commander,Minor,Others
AI,2016,475,419,1,28.9,832.354209,AI,0.998288912,28.85054954,-27.64707711,85.44707711,Commander skate,Bathyraja lindbergi,Y,5,5,Minor,Commander,Minor,Others
AI,1994,475,380,0,0,0,AI,0,0,0,0,Commander skate,Bathyraja lindbergi,Y,5,5,Minor,Commander,Minor,Others
AI,1991,475,331,0,0,0,AI,0,0,0,0,Commander skate,Bathyraja lindbergi,Y,5,5,Minor,Commander,Minor,Others
AI,1997,475,396,3,194.9,18375.887,AI,0.695524314,135.5576888,-70.79307007,460.5930701,Commander skate,Bathyraja lindbergi,Y,5,5,Minor,Commander,Minor,Others
AI,2004,475,419,0,0,0,AI,0,0,0,0,Commander skate,Bathyraja lindbergi,Y,5,5,Minor,Commander,Minor,Others
AI,2018,477,420,38,2197.7,281972.2483,AI,0.241621055,531.0105915,1156.919241,3238.480759,leopard skate,Bathyraja panthera,Y,5,5,Minor,Minor,Leopard,Others
AI,2014,477,410,57,7040.2,2567921.713,AI,0.227617628,1602.473623,3899.351699,10181.0483,leopard skate,Bathyraja panthera,Y,5,5,Minor,Minor,Leopard,Others
AI,2012,477,420,63,10421.2,6433308.134,AI,0.243388159,2536.396683,5449.862501,15392.5375,leopard skate,Bathyraja panthera,Y,5,5,Minor,Minor,Leopard,Others
AI,2010,477,418,71,12957.6,7543772.914,AI,0.211967723,2746.592965,7574.277789,18340.92221,leopard skate,Bathyraja panthera,Y,5,5,Minor,Minor,Leopard,Others
AI,2022,477,399,17,541.8,28158.43546,AI,0.309717154,167.804754,212.9026822,870.6973178,leopard skate,Bathyraja panthera,Y,5,5,Minor,Minor,Leopard,Others
AI,2006,477,357,1,3.5,12.18159235,AI,0.997203942,3.490213797,-3.340819043,10.34081904,leopard skate,Bathyraja panthera,Y,5,5,Minor,Minor,Leopard,Others
AI,2016,477,419,43,4219.8,2812796.692,AI,0.397445243,1677.139437,932.6067028,7506.993297,leopard skate,Bathyraja panthera,Y,5,5,Minor,Minor,Leopard,Others
AI,2002,477,414,0,0,0,AI,0,0,0,0,leopard skate,Bathyraja panthera,Y,5,5,Minor,Minor,Leopard,Others
AI,1994,477,380,0,0,0,AI,0,0,0,0,leopard skate,Bathyraja panthera,Y,5,5,Minor,Minor,Leopard,Others
AI,1991,477,331,0,0,0,AI,0,0,0,0,leopard skate,Bathyraja panthera,Y,5,5,Minor,Minor,Leopard,Others
AI,1997,477,396,0,0,0,AI,0,0,0,0,leopard skate,Bathyraja panthera,Y,5,5,Minor,Minor,Leopard,Others
AI,2004,477,419,0,0,0,AI,0,0,0,0,leopard skate,Bathyraja panthera,Y,5,5,Minor,Minor,Leopard,Others
AI,2000,477,419,0,0,0,AI,0,0,0,0,leopard skate,Bathyraja panthera,Y,5,5,Minor,Minor,Leopard,Others
AI,2014,440,410,0,0,0,AI,0,0,0,0,longnose skate,Raja rhina,Y,5,5,Minor,Minor,Minor,Others
AI,2012,440,420,0,0,0,AI,0,0,0,0,longnose skate,Raja rhina,Y,5,5,Minor,Minor,Minor,Others
AI,2010,440,418,0,0,0,AI,0,0,0,0,longnose skate,Raja rhina,Y,5,5,Minor,Minor,Minor,Others
AI,2006,440,357,0,0,0,AI,0,0,0,0,longnose skate,Raja rhina,Y,5,5,Minor,Minor,Minor,Others
AI,2022,440,399,0,0,0,AI,0,0,0,0,longnose skate,Raja rhina,Y,5,5,Minor,Minor,Minor,Others
AI,2016,440,419,0,0,0,AI,0,0,0,0,longnose skate,Raja rhina,Y,5,5,Minor,Minor,Minor,Others
AI,2002,440,414,0,0,0,AI,0,0,0,0,longnose skate,Raja rhina,Y,5,5,Minor,Minor,Minor,Others
AI,2018,440,420,0,0,0,AI,0,0,0,0,longnose skate,Raja rhina,Y,5,5,Minor,Minor,Minor,Others
AI,1997,440,396,1,367.7,135191.2158,AI,0.999955347,367.6835811,-352.959819,1088.359819,longnose skate,Raja rhina,Y,5,5,Minor,Minor,Minor,Others
AI,1991,440,331,2,97.4,9238.842103,AI,0.986846978,96.11889566,-90.99303549,285.7930355,longnose skate,Raja rhina,Y,5,5,Minor,Minor,Minor,Others
AI,1994,440,380,1,28.2,795.2718218,AI,1.000020007,28.20056421,-27.07310585,83.47310585,longnose skate,Raja rhina,Y,5,5,Minor,Minor,Minor,Others
AI,2004,440,419,0,0,0,AI,0,0,0,0,longnose skate,Raja rhina,Y,5,5,Minor,Minor,Minor,Others
AI,2000,440,419,0,0,0,AI,0,0,0,0,longnose skate,Raja rhina,Y,5,5,Minor,Minor,Minor,Others
AI,2014,455,410,79,1830.6,206088.9211,AI,0.247989827,453.9701764,940.8184542,2720.381546,mud skate,Bathyraja taranetzi,Y,5,5,Minor,Mud,Minor,Others
AI,2012,455,420,74,1277,38963.29862,AI,0.154574184,197.3912324,890.1131845,1663.886815,mud skate,Bathyraja taranetzi,Y,5,5,Minor,Mud,Minor,Others
AI,2010,455,418,71,1546.1,116974.1413,AI,0.221211323,342.0148262,875.7509407,2216.449059,mud skate,Bathyraja taranetzi,Y,5,5,Minor,Mud,Minor,Others
AI,2022,455,399,29,975.1,441451.8506,AI,0.681384915,664.4184304,-327.1601235,2277.360124,mud skate,Bathyraja taranetzi,Y,5,5,Minor,Mud,Minor,Others
AI,2016,455,419,73,1165.2,54704.33716,AI,0.200729131,233.8895833,706.7764168,1623.623583,mud skate,Bathyraja taranetzi,Y,5,5,Minor,Mud,Minor,Others
AI,2004,455,419,81,1807.4,97512.78993,AI,0.172773254,312.2703795,1195.350056,2419.449944,mud skate,Bathyraja taranetzi,Y,5,5,Minor,Mud,Minor,Others
AI,2002,455,414,88,1779.2,80691.56321,AI,0.159657489,284.0626044,1222.437295,2335.962705,mud skate,Bathyraja taranetzi,Y,5,5,Minor,Mud,Minor,Others
AI,2018,455,420,72,2254.5,1388809.1,AI,0.522722311,1178.47745,-55.31580188,4564.315802,mud skate,Bathyraja taranetzi,Y,5,5,Minor,Mud,Minor,Others
AI,2006,455,357,77,2970.4,689801.4097,AI,0.279606397,830.5428404,1342.536033,4598.263967,mud skate,Bathyraja taranetzi,Y,5,5,Minor,Mud,Minor,Others
AI,1991,455,331,11,89.5,1244.218309,AI,0.394117082,35.27347883,20.36398148,158.6360185,mud skate,Bathyraja taranetzi,Y,5,5,Minor,Mud,Minor,Others
AI,1997,455,396,46,951.6,55794.78005,AI,0.248223189,236.2091871,488.6299934,1414.570007,mud skate,Bathyraja taranetzi,Y,5,5,Minor,Mud,Minor,Others
AI,1994,455,380,47,885,23225.28986,AI,0.172201647,152.3984575,586.2990232,1183.700977,mud skate,Bathyraja taranetzi,Y,5,5,Minor,Mud,Minor,Others
AI,2000,455,419,83,1296.1,26780.49499,AI,0.126261455,163.6474717,975.3509555,1616.849045,mud skate,Bathyraja taranetzi,Y,5,5,Minor,Mud,Minor,Others
AI,2014,405,410,2,0.8,0.524355345,AI,0.905154808,0.724123847,-0.619282739,2.219282739,NA,Bathyraja sp.,Y,5,5,Minor,Minor,Minor,Others
AI,2012,405,420,0,0,0,AI,0,0,0,0,NA,Bathyraja sp.,Y,5,5,Minor,Minor,Minor,Others
AI,2010,405,418,0,0,0,AI,0,0,0,0,NA,Bathyraja sp.,Y,5,5,Minor,Minor,Minor,Others
AI,2022,405,399,0,0,0,AI,0,0,0,0,NA,Bathyraja sp.,Y,5,5,Minor,Minor,Minor,Others
AI,2006,405,357,3,12.4,148.5947921,AI,0.98306019,12.18994636,-11.49229486,36.29229486,NA,Bathyraja sp.,Y,5,5,Minor,Minor,Minor,Others
AI,2002,405,414,5,14.8,46.28699974,AI,0.459692904,6.803454985,1.465228229,28.13477177,NA,Bathyraja sp.,Y,5,5,Minor,Minor,Minor,Others
AI,2016,405,419,2,20.7,307.6006162,AI,0.847272782,17.53854658,-13.6755513,55.0755513,NA,Bathyraja sp.,Y,5,5,Minor,Minor,Minor,Others
AI,2018,405,420,0,0,0,AI,0,0,0,0,NA,Bathyraja sp.,Y,5,5,Minor,Minor,Minor,Others
AI,1994,405,380,13,938.7,143025.7385,AI,0.402884242,378.1874383,197.452621,1679.947379,NA,Bathyraja sp.,Y,5,5,Minor,Minor,Minor,Others
AI,1991,405,331,46,3548.6,1891393.595,AI,0.387555504,1375.279461,853.0522568,6244.147743,NA,Bathyraja sp.,Y,5,5,Minor,Minor,Minor,Others
AI,2004,405,419,4,2.5,3.585193879,AI,0.757384328,1.893460821,-1.211183208,6.211183208,NA,Bathyraja sp.,Y,5,5,Minor,Minor,Minor,Others
AI,2000,405,419,1,0.7,0.458594693,AI,0.967423143,0.6771962,-0.627304552,2.027304552,NA,Bathyraja sp.,Y,5,5,Minor,Minor,Minor,Others
AI,1997,405,396,18,341.2,11698.43618,AI,0.316996803,108.1593093,129.2077538,553.1922462,NA,Bathyraja sp.,Y,5,5,Minor,Minor,Minor,Others
AI,2014,460,410,0,0,0,AI,0,0,0,0,roughtail skate,Bathyraja trachura,Y,5,5,Minor,Roughtail,Minor,Others
AI,2012,460,420,2,1.5,1.678784517,AI,0.863786115,1.295679172,-1.039531177,4.039531177,roughtail skate,Bathyraja trachura,Y,5,5,Minor,Roughtail,Minor,Others
AI,2010,460,418,1,0.2,0.058834342,AI,1.212789576,0.242557915,-0.275413514,0.675413514,roughtail skate,Bathyraja trachura,Y,5,5,Minor,Roughtail,Minor,Others
AI,2006,460,357,0,0,0,AI,0,0,0,0,roughtail skate,Bathyraja trachura,Y,5,5,Minor,Roughtail,Minor,Others
AI,2022,460,399,0,0,0,AI,0,0,0,0,roughtail skate,Bathyraja trachura,Y,5,5,Minor,Roughtail,Minor,Others
AI,2016,460,419,0,0,0,AI,0,0,0,0,roughtail skate,Bathyraja trachura,Y,5,5,Minor,Roughtail,Minor,Others
AI,2002,460,414,0,0,0,AI,0,0,0,0,roughtail skate,Bathyraja trachura,Y,5,5,Minor,Roughtail,Minor,Others
AI,2018,460,420,1,1.5,2.239117125,AI,0.997578652,1.496367978,-1.432881236,4.432881236,roughtail skate,Bathyraja trachura,Y,5,5,Minor,Roughtail,Minor,Others
AI,1997,460,396,2,45.4,1529.929061,AI,0.861548626,39.11430762,-31.26404294,122.0640429,roughtail skate,Bathyraja trachura,Y,5,5,Minor,Roughtail,Minor,Others
AI,1994,460,380,1,69,4755.937159,AI,0.999468159,68.96330298,-66.16807385,204.1680738,roughtail skate,Bathyraja trachura,Y,5,5,Minor,Roughtail,Minor,Others
AI,1991,460,331,17,749.2,70945.85892,AI,0.355521408,266.3566386,227.1409884,1271.259012,roughtail skate,Bathyraja trachura,Y,5,5,Minor,Roughtail,Minor,Others
AI,2004,460,419,1,0.9,0.777239044,AI,0.979568464,0.881611617,-0.82795877,2.62795877,roughtail skate,Bathyraja trachura,Y,5,5,Minor,Roughtail,Minor,Others
AI,2000,460,419,1,0.1,0.017125849,AI,1.308657672,0.130865767,-0.156496904,0.356496904,roughtail skate,Bathyraja trachura,Y,5,5,Minor,Roughtail,Minor,Others
AI,2014,400,410,1,2.1,4.377222868,AI,0.996276841,2.092181366,-2.000675477,6.200675477,skate unid.,Rajidae,Y,5,5,Minor,Minor,Minor,Others
AI,2012,400,420,2,0.5,0.190712733,AI,0.87341338,0.43670669,-0.355945112,1.355945112,skate unid.,Rajidae,Y,5,5,Minor,Minor,Minor,Others
AI,2022,400,399,1,27,730.0537187,AI,1.000722454,27.01950626,-25.95823227,79.95823227,skate unid.,Rajidae,Y,5,5,Minor,Minor,Minor,Others
AI,2010,400,418,0,0,0,AI,0,0,0,0,skate unid.,Rajidae,Y,5,5,Minor,Minor,Minor,Others
AI,2016,400,419,0,0,0,AI,0,0,0,0,skate unid.,Rajidae,Y,5,5,Minor,Minor,Minor,Others
AI,2006,400,357,1,17.7,311.9944555,AI,0.997930214,17.66336478,-16.92019498,52.32019498,skate unid.,Rajidae,Y,5,5,Minor,Minor,Minor,Others
AI,2002,400,414,0,0,0,AI,0,0,0,0,skate unid.,Rajidae,Y,5,5,Minor,Minor,Minor,Others
AI,2018,400,420,0,0,0,AI,0,0,0,0,skate unid.,Rajidae,Y,5,5,Minor,Minor,Minor,Others
AI,1991,400,331,31,6269.8,3815169.942,AI,0.311532426,1953.246002,2441.437837,10098.16216,skate unid.,Rajidae,Y,5,5,Minor,Minor,Minor,Others
AI,1997,400,396,2,955.5,848593.8771,AI,0.964093724,921.1915529,-850.0354437,2761.035444,skate unid.,Rajidae,Y,5,5,Minor,Minor,Minor,Others
AI,1994,400,380,55,2624.8,274419.1054,AI,0.199577214,523.85027,1598.053471,3651.546529,skate unid.,Rajidae,Y,5,5,Minor,Minor,Minor,Others
AI,2004,400,419,0,0,0,AI,0,0,0,0,skate unid.,Rajidae,Y,5,5,Minor,Minor,Minor,Others
AI,2000,400,419,0,0,0,AI,0,0,0,0,skate unid.,Rajidae,Y,5,5,Minor,Minor,Minor,Others
AI,2014,480,410,88,22399.9,16762516.86,AI,0.182777837,4094.205278,14375.25766,30424.54234,whiteblotched skate,Bathyraja maculata,Y,5,5,Minor,Whiteblotched,Whiteblotched,Others
AI,2012,480,420,82,15359.9,9809678.53,AI,0.203910223,3132.040634,9221.100358,21498.69964,whiteblotched skate,Bathyraja maculata,Y,5,5,Minor,Whiteblotched,Whiteblotched,Others
AI,2010,480,418,76,24150.9,22982737.36,AI,0.198503221,4794.031431,14754.5984,33547.2016,whiteblotched skate,Bathyraja maculata,Y,5,5,Minor,Whiteblotched,Whiteblotched,Others
AI,2022,480,399,84,18237.7,27498836.43,AI,0.2875326,5243.933297,7959.590737,28515.80926,whiteblotched skate,Bathyraja maculata,Y,5,5,Minor,Whiteblotched,Whiteblotched,Others
AI,2006,480,357,80,29714.3,30327156.39,AI,0.18533197,5507.00975,18920.56089,40508.03911,whiteblotched skate,Bathyraja maculata,Y,5,5,Minor,Whiteblotched,Whiteblotched,Others
AI,2016,480,419,81,15380.2,8937930.665,AI,0.194382207,2989.637213,9520.511063,21239.88894,whiteblotched skate,Bathyraja maculata,Y,5,5,Minor,Whiteblotched,Whiteblotched,Others
AI,2000,480,419,82,13621.8,4358354.365,AI,0.153259276,2087.667206,9529.972275,17713.62772,whiteblotched skate,Bathyraja maculata,Y,5,5,Minor,Whiteblotched,Whiteblotched,Others
AI,2018,480,420,81,15182,10335285.53,AI,0.211754307,3214.85389,8880.886376,21483.11362,whiteblotched skate,Bathyraja maculata,Y,5,5,Minor,Whiteblotched,Whiteblotched,Others
AI,1991,480,331,5,142.3,8249.455668,AI,0.638274871,90.82651413,-35.71996769,320.3199677,whiteblotched skate,Bathyraja maculata,Y,5,5,Minor,Whiteblotched,Whiteblotched,Others
AI,1994,480,380,66,7988.9,2359901.5,AI,0.192291441,1536.19709,4977.953703,10999.8463,whiteblotched skate,Bathyraja maculata,Y,5,5,Minor,Whiteblotched,Whiteblotched,Others
AI,2002,480,414,91,16728.4,9104192.157,AI,0.18037083,3017.315389,10814.46184,22642.33816,whiteblotched skate,Bathyraja maculata,Y,5,5,Minor,Whiteblotched,Whiteblotched,Others
AI,2004,480,419,92,26247.3,41681276.17,AI,0.245972111,6456.103792,13593.33657,38901.26343,whiteblotched skate,Bathyraja maculata,Y,5,5,Minor,Whiteblotched,Whiteblotched,Others
AI,1997,480,396,61,13378.8,11686523.75,AI,0.255520361,3418.555799,6678.430634,20079.16937,whiteblotched skate,Bathyraja maculata,Y,5,5,Minor,Whiteblotched,Whiteblotched,Others
AI,2014,485,410,2,8.1,34.98628331,AI,0.730237086,5.914920398,-3.49324398,19.69324398,whitebrow skate,Bathyraja minispinosa,Y,5,5,Minor,Whitebrow,Minor,Others
AI,2012,485,420,5,72.4,2506.911676,AI,0.691561727,50.06906906,-25.73537536,170.5353754,whitebrow skate,Bathyraja minispinosa,Y,5,5,Minor,Whitebrow,Minor,Others
AI,2006,485,357,0,0,0,AI,0,0,0,0,whitebrow skate,Bathyraja minispinosa,Y,5,5,Minor,Whitebrow,Minor,Others
AI,2022,485,399,0,0,0,AI,0,0,0,0,whitebrow skate,Bathyraja minispinosa,Y,5,5,Minor,Whitebrow,Minor,Others
AI,2010,485,418,0,0,0,AI,0,0,0,0,whitebrow skate,Bathyraja minispinosa,Y,5,5,Minor,Whitebrow,Minor,Others
AI,2016,485,419,0,0,0,AI,0,0,0,0,whitebrow skate,Bathyraja minispinosa,Y,5,5,Minor,Whitebrow,Minor,Others
AI,2018,485,420,3,51.3,1074.07857,AI,0.638852591,32.77313793,-12.93535034,115.5353503,whitebrow skate,Bathyraja minispinosa,Y,5,5,Minor,Whitebrow,Minor,Others
AI,1994,485,380,1,36.1,1299.941464,AI,0.99874518,36.054701,-34.56721396,106.767214,whitebrow skate,Bathyraja minispinosa,Y,5,5,Minor,Whitebrow,Minor,Others
AI,1991,485,331,0,0,0,AI,0,0,0,0,whitebrow skate,Bathyraja minispinosa,Y,5,5,Minor,Whitebrow,Minor,Others
AI,1997,485,396,2,25.4,380.2256677,AI,0.767691972,19.49937609,-12.81877713,63.61877713,whitebrow skate,Bathyraja minispinosa,Y,5,5,Minor,Whitebrow,Minor,Others
AI,2004,485,419,1,34.2,1170.147119,AI,1.000216761,34.20741321,-32.8465299,101.2465299,whitebrow skate,Bathyraja minispinosa,Y,5,5,Minor,Whitebrow,Minor,Others
AI,2002,485,414,2,30.2,455.5939666,AI,0.706776399,21.34464726,-11.63550863,72.03550863,whitebrow skate,Bathyraja minispinosa,Y,5,5,Minor,Whitebrow,Minor,Others
AI,2000,485,419,0,0,0,AI,0,0,0,0,whitebrow skate,Bathyraja minispinosa,Y,5,5,Minor,Whitebrow,Minor,Others
EBS_SHELF,1997,471,376,233,333398.7,504076638.6,EBS,0.067341748,22451.65113,289393.4638,377403.9362,Alaska skate,Bathyraja parmifera,Y,3,5,Alaska,Alaska,Alaska,Alaska
EBS_SHELF,1998,471,375,315,356732.22,368609181.5,EBS,0.053819634,19199.19742,319101.7931,394362.6469,Alaska skate,Bathyraja parmifera,Y,3,5,Alaska,Alaska,Alaska,Alaska
EBS_SHELF,1999,471,373,281,321731.9,2872151248,EBS,0.166574888,53592.45514,216690.6879,426773.1121,Alaska skate,Bathyraja parmifera,Y,3,5,Alaska,Alaska,Alaska,Alaska
EBS_SHELF,2000,471,372,319,311652.36,304331015.4,EBS,0.055976107,17445.08571,277459.992,345844.728,Alaska skate,Bathyraja parmifera,Y,3,5,Alaska,Alaska,Alaska,Alaska
EBS_SHELF,2001,471,375,339,413815.89,590746379.5,EBS,0.058734513,24305.27473,366177.5515,461454.2285,Alaska skate,Bathyraja parmifera,Y,3,5,Alaska,Alaska,Alaska,Alaska
EBS_SHELF,2002,471,375,335,363236.32,575815921.7,EBS,0.066062129,23996.16473,316203.8371,410268.8029,Alaska skate,Bathyraja parmifera,Y,3,5,Alaska,Alaska,Alaska,Alaska
EBS_SHELF,2003,471,376,335,372100.08,376129832.6,EBS,0.052120566,19394.06694,334087.7088,410112.4512,Alaska skate,Bathyraja parmifera,Y,3,5,Alaska,Alaska,Alaska,Alaska
EBS_SHELF,2004,471,375,348,424508.43,414560988.2,EBS,0.047963172,20360.77081,384601.3192,464415.5408,Alaska skate,Bathyraja parmifera,Y,3,5,Alaska,Alaska,Alaska,Alaska
EBS_SHELF,2005,471,373,344,487010.27,611701191.8,EBS,0.050784542,24732.59371,438534.3863,535486.1537,Alaska skate,Bathyraja parmifera,Y,3,5,Alaska,Alaska,Alaska,Alaska
EBS_SHELF,2006,471,376,339,437467.87,515611172.5,EBS,0.051905694,22707.07318,392962.0066,481973.7334,Alaska skate,Bathyraja parmifera,Y,3,5,Alaska,Alaska,Alaska,Alaska
EBS_SHELF,2007,471,376,363,479234.68,1104669580,EBS,0.069353432,33236.56992,414091.0029,544378.3571,Alaska skate,Bathyraja parmifera,Y,3,5,Alaska,Alaska,Alaska,Alaska
EBS_SHELF,2008,471,375,347,361585.44,409426468.8,EBS,0.055959912,20234.28943,321926.2327,401244.6473,Alaska skate,Bathyraja parmifera,Y,3,5,Alaska,Alaska,Alaska,Alaska
EBS_SHELF,2009,471,376,334,350384.18,503674016.8,EBS,0.064051644,22442.68292,306396.5215,394371.8385,Alaska skate,Bathyraja parmifera,Y,3,5,Alaska,Alaska,Alaska,Alaska
EBS_SHELF,2010,471,376,348,366930.02,517282814.9,EBS,0.061984169,22743.85224,322352.0696,411507.9704,Alaska skate,Bathyraja parmifera,Y,3,5,Alaska,Alaska,Alaska,Alaska
EBS_SHELF,2019,471,376,348,490419.64,564278407.4,EBS,0.048437181,23754.54499,443860.7318,536978.5482,Alaska skate,Bathyraja parmifera,Y,3,5,Alaska,Alaska,Alaska,Alaska
EBS_SHELF,2021,471,376,356,468113.23,502833721.1,EBS,0.047902842,22423.95418,424162.2798,512064.1802,Alaska skate,Bathyraja parmifera,Y,3,5,Alaska,Alaska,Alaska,Alaska
EBS_SHELF,2022,471,376,365,463017.31,673450484.5,EBS,0.056047418,25950.92454,412153.4979,513881.1221,Alaska skate,Bathyraja parmifera,Y,3,5,Alaska,Alaska,Alaska,Alaska
EBS_SHELF,1987,471,357,122,127211.69,238849634.2,EBS,0.121488527,15454.76089,96920.35865,157503.0213,Alaska skate,Bathyraja parmifera,Y,3,5,Alaska,Alaska,Alaska,Alaska
EBS_SHELF,1988,471,373,50,106713.85,491689217.9,EBS,0.207789957,22174.06634,63252.67998,150175.02,Alaska skate,Bathyraja parmifera,Y,3,5,Alaska,Alaska,Alaska,Alaska
EBS_SHELF,2023,471,376,351,418483.45,1123385753,EBS,0.080091452,33516.94724,352790.2334,484176.6666,Alaska skate,Bathyraja parmifera,Y,3,5,Alaska,Alaska,Alaska,Alaska
EBS_SHELF,2013,471,376,356,387224.82,595078896.1,EBS,0.062997612,24394.23899,339412.1116,435037.5284,Alaska skate,Bathyraja parmifera,Y,3,5,Alaska,Alaska,Alaska,Alaska
EBS_SHELF,1989,471,374,1,771.25,594819.7387,EBS,0.999994264,771.2455761,-740.3913292,2282.891329,Alaska skate,Bathyraja parmifera,Y,3,5,Alaska,Alaska,Alaska,Alaska
EBS_SHELF,1990,471,371,0,0,0,EBS,0,0,0,0,Alaska skate,Bathyraja parmifera,Y,3,5,Alaska,Alaska,Alaska,Alaska
EBS_SHELF,1991,471,372,0,0,0,EBS,0,0,0,0,Alaska skate,Bathyraja parmifera,Y,3,5,Alaska,Alaska,Alaska,Alaska
EBS_SHELF,2014,471,376,349,405035.68,432610659.8,EBS,0.051351759,20799.29469,364269.0624,445802.2976,Alaska skate,Bathyraja parmifera,Y,3,5,Alaska,Alaska,Alaska,Alaska
EBS_SHELF,2015,471,376,353,448213.14,633584321.6,EBS,0.056158775,25171.10092,398877.7822,497548.4978,Alaska skate,Bathyraja parmifera,Y,3,5,Alaska,Alaska,Alaska,Alaska
EBS_SHELF,1992,471,356,31,18650.58,17200508.22,EBS,0.222371076,4147.349542,10521.7749,26779.3851,Alaska skate,Bathyraja parmifera,Y,3,5,Alaska,Alaska,Alaska,Alaska
EBS_SHELF,1993,471,375,0,0,0,EBS,0,0,0,0,Alaska skate,Bathyraja parmifera,Y,3,5,Alaska,Alaska,Alaska,Alaska
EBS_SHELF,2016,471,376,353,550912.36,523780410.4,EBS,0.04154245,22886.24937,506055.3112,595769.4088,Alaska skate,Bathyraja parmifera,Y,3,5,Alaska,Alaska,Alaska,Alaska
EBS_SHELF,2017,471,376,360,545059.02,1497134899,EBS,0.070988326,38692.82749,469221.0781,620896.9619,Alaska skate,Bathyraja parmifera,Y,3,5,Alaska,Alaska,Alaska,Alaska
EBS_SHELF,1994,471,375,0,0,0,EBS,0,0,0,0,Alaska skate,Bathyraja parmifera,Y,3,5,Alaska,Alaska,Alaska,Alaska
EBS_SHELF,1995,471,376,0,0,0,EBS,0,0,0,0,Alaska skate,Bathyraja parmifera,Y,3,5,Alaska,Alaska,Alaska,Alaska
EBS_SHELF,2018,471,376,363,546262.63,693738355.3,EBS,0.048216575,26338.91333,494638.3599,597886.9001,Alaska skate,Bathyraja parmifera,Y,3,5,Alaska,Alaska,Alaska,Alaska
EBS_SHELF,1996,471,375,265,351731.05,449374366.4,EBS,0.060268924,21198.45198,310182.0841,393280.0159,Alaska skate,Bathyraja parmifera,Y,3,5,Alaska,Alaska,Alaska,Alaska
EBS_SHELF,2011,471,376,343,410961.04,420153634.6,EBS,0.049877355,20497.64949,370785.647,451136.433,Alaska skate,Bathyraja parmifera,Y,3,5,Alaska,Alaska,Alaska,Alaska
EBS_SHELF,2012,471,376,337,370248.72,502008921.1,EBS,0.060514877,22405.55559,326333.8311,414163.6089,Alaska skate,Bathyraja parmifera,Y,3,5,Alaska,Alaska,Alaska,Alaska
EBS_SHELF,1992,472,356,0,0,0,EBS,0,0,0,0,Aleutian skate,Bathyraja aleutica,Y,5,5,Aleutian,Aleutian,Aleutian,Others
EBS_SHELF,1993,472,375,0,0,0,EBS,0,0,0,0,Aleutian skate,Bathyraja aleutica,Y,5,5,Aleutian,Aleutian,Aleutian,Others
EBS_SHELF,1994,472,375,0,0,0,EBS,0,0,0,0,Aleutian skate,Bathyraja aleutica,Y,5,5,Aleutian,Aleutian,Aleutian,Others
EBS_SHELF,1995,472,376,0,0,0,EBS,0,0,0,0,Aleutian skate,Bathyraja aleutica,Y,5,5,Aleutian,Aleutian,Aleutian,Others
EBS_SHELF,1996,472,375,69,55839.74,158147473.5,EBS,0.225210037,12575.6699,31191.42699,80488.05301,Aleutian skate,Bathyraja aleutica,Y,5,5,Aleutian,Aleutian,Aleutian,Others
EBS_SHELF,1997,472,376,49,64327.54,264760426,EBS,0.252947034,16271.46047,32435.47747,96219.60253,Aleutian skate,Bathyraja aleutica,Y,5,5,Aleutian,Aleutian,Aleutian,Others
EBS_SHELF,1998,472,375,15,785.45,86128.1836,EBS,0.373640634,293.4760358,210.2369698,1360.66303,Aleutian skate,Bathyraja aleutica,Y,5,5,Aleutian,Aleutian,Aleutian,Others
EBS_SHELF,1999,472,373,0,0,0,EBS,0,0,0,0,Aleutian skate,Bathyraja aleutica,Y,5,5,Aleutian,Aleutian,Aleutian,Others
EBS_SHELF,2000,472,372,7,2219.16,1421255.01,EBS,0.537214082,1192.164003,-117.4814458,4555.801446,Aleutian skate,Bathyraja aleutica,Y,5,5,Aleutian,Aleutian,Aleutian,Others
EBS_SHELF,2001,472,375,3,1208.37,550145.3671,EBS,0.613816835,741.7178487,-245.3969835,2662.136983,Aleutian skate,Bathyraja aleutica,Y,5,5,Aleutian,Aleutian,Aleutian,Others
EBS_SHELF,2002,472,375,8,2874.56,1819022.747,EBS,0.469188855,1348.711514,231.0854331,5518.034567,Aleutian skate,Bathyraja aleutica,Y,5,5,Aleutian,Aleutian,Aleutian,Others
EBS_SHELF,2003,472,376,11,18043.46,58912848.01,EBS,0.425387954,7675.47054,2999.537741,33087.38226,Aleutian skate,Bathyraja aleutica,Y,5,5,Aleutian,Aleutian,Aleutian,Others
EBS_SHELF,2004,472,375,7,2474.22,1015294.854,EBS,0.407246893,1007.618407,499.2879222,4449.152078,Aleutian skate,Bathyraja aleutica,Y,5,5,Aleutian,Aleutian,Aleutian,Others
EBS_SHELF,2005,472,373,9,8191.49,21001956.48,EBS,0.559457334,4582.789159,-790.7767518,17173.75675,Aleutian skate,Bathyraja aleutica,Y,5,5,Aleutian,Aleutian,Aleutian,Others
EBS_SHELF,2006,472,376,9,5511.79,5170194.423,EBS,0.412534976,2273.806153,1055.12994,9968.45006,Aleutian skate,Bathyraja aleutica,Y,5,5,Aleutian,Aleutian,Aleutian,Others
EBS_SHELF,1987,472,357,9,5058.49,4978733.833,EBS,0.441101525,2231.307651,685.1270044,9431.852996,Aleutian skate,Bathyraja aleutica,Y,5,5,Aleutian,Aleutian,Aleutian,Others
EBS_SHELF,2007,472,376,6,2698.65,1343405.01,EBS,0.42949382,1159.053497,426.9051451,4970.394855,Aleutian skate,Bathyraja aleutica,Y,5,5,Aleutian,Aleutian,Aleutian,Others
EBS_SHELF,2008,472,375,5,6214.63,12379223.55,EBS,0.566149888,3518.412078,-681.4576719,13110.71767,Aleutian skate,Bathyraja aleutica,Y,5,5,Aleutian,Aleutian,Aleutian,Others
EBS_SHELF,2009,472,376,5,2156.89,1132816.286,EBS,0.493459762,1064.338426,70.78668436,4242.993316,Aleutian skate,Bathyraja aleutica,Y,5,5,Aleutian,Aleutian,Aleutian,Others
EBS_SHELF,2010,472,376,9,3285.96,1354241.542,EBS,0.354148815,1163.718841,1005.071071,5566.848929,Aleutian skate,Bathyraja aleutica,Y,5,5,Aleutian,Aleutian,Aleutian,Others
EBS_SHELF,2011,472,376,6,2513.15,1877887.176,EBS,0.545275943,1370.360236,-172.7560621,5199.056062,Aleutian skate,Bathyraja aleutica,Y,5,5,Aleutian,Aleutian,Aleutian,Others
EBS_SHELF,1988,472,373,4,6080.72,17995183.81,EBS,0.69762677,4242.073055,-2233.743188,14395.18319,Aleutian skate,Bathyraja aleutica,Y,5,5,Aleutian,Aleutian,Aleutian,Others
EBS_SHELF,1989,472,374,0,0,0,EBS,0,0,0,0,Aleutian skate,Bathyraja aleutica,Y,5,5,Aleutian,Aleutian,Aleutian,Others
EBS_SHELF,1990,472,371,0,0,0,EBS,0,0,0,0,Aleutian skate,Bathyraja aleutica,Y,5,5,Aleutian,Aleutian,Aleutian,Others
EBS_SHELF,1991,472,372,0,0,0,EBS,0,0,0,0,Aleutian skate,Bathyraja aleutica,Y,5,5,Aleutian,Aleutian,Aleutian,Others
EBS_SHELF,2013,472,376,15,11341.37,15805624.59,EBS,0.350542203,3975.628829,3549.137494,19133.60251,Aleutian skate,Bathyraja aleutica,Y,5,5,Aleutian,Aleutian,Aleutian,Others
EBS_SHELF,2014,472,376,9,8044.77,10790451.03,EBS,0.408325184,3284.882194,1606.400899,14483.1391,Aleutian skate,Bathyraja aleutica,Y,5,5,Aleutian,Aleutian,Aleutian,Others
EBS_SHELF,2015,472,376,12,10939.66,19044029.77,EBS,0.398910623,4363.946581,2386.3247,19492.9953,Aleutian skate,Bathyraja aleutica,Y,5,5,Aleutian,Aleutian,Aleutian,Others
EBS_SHELF,2016,472,376,23,14252.27,14716565.15,EBS,0.269165372,3836.217558,6733.283586,21771.25641,Aleutian skate,Bathyraja aleutica,Y,5,5,Aleutian,Aleutian,Aleutian,Others
EBS_SHELF,2012,472,376,9,4517.13,2718208.129,EBS,0.36498815,1648.69892,1285.680117,7748.579883,Aleutian skate,Bathyraja aleutica,Y,5,5,Aleutian,Aleutian,Aleutian,Others
EBS_SHELF,2017,472,376,27,36603.36,422052584.6,EBS,0.561257721,20543.91843,-3662.720127,76869.44013,Aleutian skate,Bathyraja aleutica,Y,5,5,Aleutian,Aleutian,Aleutian,Others
EBS_SHELF,2022,472,376,27,18040.27,18665462.08,EBS,0.23948391,4320.354393,9572.37539,26508.16461,Aleutian skate,Bathyraja aleutica,Y,5,5,Aleutian,Aleutian,Aleutian,Others
EBS_SHELF,2023,472,376,25,17335.71,29695572.45,EBS,0.314343307,5449.364407,6654.955761,28016.46424,Aleutian skate,Bathyraja aleutica,Y,5,5,Aleutian,Aleutian,Aleutian,Others
EBS_SHELF,2018,472,376,24,18707.98,38945450.52,EBS,0.333581125,6240.629016,6476.347128,30939.61287,Aleutian skate,Bathyraja aleutica,Y,5,5,Aleutian,Aleutian,Aleutian,Others
EBS_SHELF,2019,472,376,25,14722.36,15777353.04,EBS,0.269798567,3972.071631,6937.099604,22507.6204,Aleutian skate,Bathyraja aleutica,Y,5,5,Aleutian,Aleutian,Aleutian,Others
EBS_SHELF,2021,472,376,21,17449.71,19945821.17,EBS,0.255939753,4466.07447,8696.20404,26203.21596,Aleutian skate,Bathyraja aleutica,Y,5,5,Aleutian,Aleutian,Aleutian,Others
EBS_SHELF,2000,435,372,71,16749.94,7581083.565,EBS,0.164381291,2753.376757,11353.32156,22146.55844,Bering skate,Bathyraja interrupta,Y,5,5,Bering,Bering,Bering,Others
EBS_SHELF,2001,435,375,73,14129.84,4097182.638,EBS,0.143253558,2024.149856,10162.50628,18097.17372,Bering skate,Bathyraja interrupta,Y,5,5,Bering,Bering,Bering,Others
EBS_SHELF,2002,435,375,60,12655.32,4009288.601,EBS,0.15821969,2002.320804,8730.771225,16579.86878,Bering skate,Bathyraja interrupta,Y,5,5,Bering,Bering,Bering,Others
EBS_SHELF,1987,435,357,47,31237.47,68581626.34,EBS,0.265111177,8281.402438,15005.92122,47469.01878,Bering skate,Bathyraja interrupta,Y,5,5,Bering,Bering,Bering,Others
EBS_SHELF,1988,435,373,19,6372.74,6161084.026,EBS,0.389495429,2482.153103,1507.719918,11237.76008,Bering skate,Bathyraja interrupta,Y,5,5,Bering,Bering,Bering,Others
EBS_SHELF,1989,435,374,0,0,0,EBS,0,0,0,0,Bering skate,Bathyraja interrupta,Y,5,5,Bering,Bering,Bering,Others
EBS_SHELF,1990,435,371,0,0,0,EBS,0,0,0,0,Bering skate,Bathyraja interrupta,Y,5,5,Bering,Bering,Bering,Others
EBS_SHELF,1997,435,376,46,7569.45,2088272.414,EBS,0.190910252,1445.085608,4737.082208,10401.81779,Bering skate,Bathyraja interrupta,Y,5,5,Bering,Bering,Bering,Others
EBS_SHELF,1998,435,375,15,1757.29,346856.7861,EBS,0.335144163,588.9454865,602.9568464,2911.623154,Bering skate,Bathyraja interrupta,Y,5,5,Bering,Bering,Bering,Others
EBS_SHELF,2013,435,376,60,11953.43,11058206.09,EBS,0.278195305,3325.388111,5435.669303,18471.1907,Bering skate,Bathyraja interrupta,Y,5,5,Bering,Bering,Bering,Others
EBS_SHELF,2014,435,376,76,12484.48,3373036.783,EBS,0.147109284,1836.582909,8884.777498,16084.1825,Bering skate,Bathyraja interrupta,Y,5,5,Bering,Bering,Bering,Others
EBS_SHELF,2015,435,376,78,12138.37,2328076.695,EBS,0.125700866,1525.803623,9147.794899,15128.9451,Bering skate,Bathyraja interrupta,Y,5,5,Bering,Bering,Bering,Others
EBS_SHELF,1991,435,372,0,0,0,EBS,0,0,0,0,Bering skate,Bathyraja interrupta,Y,5,5,Bering,Bering,Bering,Others
EBS_SHELF,1992,435,356,1,16.06,257.7967,EBS,0.999753967,16.0560487,-15.40985546,47.52985546,Bering skate,Bathyraja interrupta,Y,5,5,Bering,Bering,Bering,Others
EBS_SHELF,1993,435,375,0,0,0,EBS,0,0,0,0,Bering skate,Bathyraja interrupta,Y,5,5,Bering,Bering,Bering,Others
EBS_SHELF,1999,435,373,44,9344.3,3552571.994,EBS,0.201708719,1884.826781,5650.039509,13038.56049,Bering skate,Bathyraja interrupta,Y,5,5,Bering,Bering,Bering,Others
EBS_SHELF,2010,435,376,73,11903.05,2759981.012,EBS,0.139570871,1661.319058,8646.864647,15159.23535,Bering skate,Bathyraja interrupta,Y,5,5,Bering,Bering,Bering,Others
EBS_SHELF,2016,435,376,72,10917.56,1841706.668,EBS,0.124303868,1357.094937,8257.653923,13577.46608,Bering skate,Bathyraja interrupta,Y,5,5,Bering,Bering,Bering,Others
EBS_SHELF,2017,435,376,89,15135.26,6457503.609,EBS,0.167896809,2541.161862,10154.58275,20115.93725,Bering skate,Bathyraja interrupta,Y,5,5,Bering,Bering,Bering,Others
EBS_SHELF,1994,435,375,0,0,0,EBS,0,0,0,0,Bering skate,Bathyraja interrupta,Y,5,5,Bering,Bering,Bering,Others
EBS_SHELF,1995,435,376,0,0,0,EBS,0,0,0,0,Bering skate,Bathyraja interrupta,Y,5,5,Bering,Bering,Bering,Others
EBS_SHELF,1996,435,375,37,8312.59,3186418.611,EBS,0.214741041,1785.054232,4813.883706,11811.29629,Bering skate,Bathyraja interrupta,Y,5,5,Bering,Bering,Bering,Others
EBS_SHELF,2011,435,376,63,9702.49,2542642.895,EBS,0.16434613,1594.566679,6577.139309,12827.84069,Bering skate,Bathyraja interrupta,Y,5,5,Bering,Bering,Bering,Others
EBS_SHELF,2012,435,376,60,10108.18,2669766.601,EBS,0.161645523,1633.942043,6905.653595,13310.7064,Bering skate,Bathyraja interrupta,Y,5,5,Bering,Bering,Bering,Others
EBS_SHELF,2018,435,376,98,14497.53,2345759.047,EBS,0.105644693,1531.587101,11495.61928,17499.44072,Bering skate,Bathyraja interrupta,Y,5,5,Bering,Bering,Bering,Others
EBS_SHELF,2019,435,376,81,10043.87,1382752.57,EBS,0.117076884,1175.905,7739.096199,12348.6438,Bering skate,Bathyraja interrupta,Y,5,5,Bering,Bering,Bering,Others
EBS_SHELF,2009,435,376,76,13158.44,5405607.103,EBS,0.176692385,2324.996151,8601.447544,17715.43246,Bering skate,Bathyraja interrupta,Y,5,5,Bering,Bering,Bering,Others
EBS_SHELF,2022,435,376,80,12803.28,3352703.542,EBS,0.143013269,1831.038924,9214.443709,16392.11629,Bering skate,Bathyraja interrupta,Y,5,5,Bering,Bering,Bering,Others
EBS_SHELF,2023,435,376,103,13523.67,2270091.581,EBS,0.111410757,1506.682309,10570.57267,16476.76733,Bering skate,Bathyraja interrupta,Y,5,5,Bering,Bering,Bering,Others
EBS_SHELF,2021,435,376,82,12168.22,2246928.111,EBS,0.123187754,1498.975687,9230.227653,15106.21235,Bering skate,Bathyraja interrupta,Y,5,5,Bering,Bering,Bering,Others
EBS_SHELF,2003,435,376,82,13520.33,2417976.959,EBS,0.115010843,1554.984552,10472.56028,16568.09972,Bering skate,Bathyraja interrupta,Y,5,5,Bering,Bering,Bering,Others
EBS_SHELF,2004,435,375,72,11126.59,1848892.046,EBS,0.122206327,1359.739698,8461.500192,13791.67981,Bering skate,Bathyraja interrupta,Y,5,5,Bering,Bering,Bering,Others
EBS_SHELF,2005,435,373,57,8705.37,2136122.73,EBS,0.167890401,1461.548059,5840.735804,11570.0042,Bering skate,Bathyraja interrupta,Y,5,5,Bering,Bering,Bering,Others
EBS_SHELF,2006,435,376,89,11603.75,2098305.321,EBS,0.124834888,1448.552837,8764.58644,14442.91356,Bering skate,Bathyraja interrupta,Y,5,5,Bering,Bering,Bering,Others
EBS_SHELF,2007,435,376,74,9426.37,1621764.349,EBS,0.135098147,1273.485119,6930.339166,11922.40083,Bering skate,Bathyraja interrupta,Y,5,5,Bering,Bering,Bering,Others
EBS_SHELF,2008,435,375,75,9878.1,2436397.06,EBS,0.158015837,1560.896236,6818.743377,12937.45662,Bering skate,Bathyraja interrupta,Y,5,5,Bering,Bering,Bering,Others
EBS_SHELF,2006,420,376,3,1041.2,502084.054,EBS,0.680540624,708.5788975,-347.6146391,2430.014639,big skate,Beringraja binoculata,Y,5,5,Big,Minor,Big,Others
EBS_SHELF,2007,420,376,2,1812.46,1896740.575,EBS,0.759863418,1377.22205,-886.8952181,4511.815218,big skate,Beringraja binoculata,Y,5,5,Big,Minor,Big,Others
EBS_SHELF,1997,420,376,0,0,0,EBS,0,0,0,0,big skate,Beringraja binoculata,Y,5,5,Big,Minor,Big,Others
EBS_SHELF,2008,420,375,3,2886.69,3256067.186,EBS,0.625095728,1804.457588,-650.046872,6423.426872,big skate,Beringraja binoculata,Y,5,5,Big,Minor,Big,Others
EBS_SHELF,1998,420,375,1,1649.37,2720421.656,EBS,1.000000048,1649.370079,-1583.395354,4882.135354,big skate,Beringraja binoculata,Y,5,5,Big,Minor,Big,Others
EBS_SHELF,1999,420,373,1,6522.8,42546977.16,EBS,1.000000674,6522.804394,-6261.896613,19307.49661,big skate,Beringraja binoculata,Y,5,5,Big,Minor,Big,Others
EBS_SHELF,2022,420,376,12,14142.53,39417902.33,EBS,0.443935265,6278.367808,1836.929096,26448.1309,big skate,Beringraja binoculata,Y,5,5,Big,Minor,Big,Others
EBS_SHELF,2023,420,376,15,49511.39,437812539.8,EBS,0.422609231,20923.97046,8500.407899,90522.3721,big skate,Beringraja binoculata,Y,5,5,Big,Minor,Big,Others
EBS_SHELF,1987,420,357,6,9239.96,33068692.15,EBS,0.622355337,5750.538423,-2031.095309,20511.01531,big skate,Beringraja binoculata,Y,5,5,Big,Minor,Big,Others
EBS_SHELF,1988,420,373,1,722.59,522138.4157,EBS,1.000002018,722.5914584,-693.6892584,2138.869258,big skate,Beringraja binoculata,Y,5,5,Big,Minor,Big,Others
EBS_SHELF,1989,420,374,0,0,0,EBS,0,0,0,0,big skate,Beringraja binoculata,Y,5,5,Big,Minor,Big,Others
EBS_SHELF,1990,420,371,0,0,0,EBS,0,0,0,0,big skate,Beringraja binoculata,Y,5,5,Big,Minor,Big,Others
EBS_SHELF,1991,420,372,0,0,0,EBS,0,0,0,0,big skate,Beringraja binoculata,Y,5,5,Big,Minor,Big,Others
EBS_SHELF,1992,420,356,0,0,0,EBS,0,0,0,0,big skate,Beringraja binoculata,Y,5,5,Big,Minor,Big,Others
EBS_SHELF,1993,420,375,0,0,0,EBS,0,0,0,0,big skate,Beringraja binoculata,Y,5,5,Big,Minor,Big,Others
EBS_SHELF,1994,420,375,0,0,0,EBS,0,0,0,0,big skate,Beringraja binoculata,Y,5,5,Big,Minor,Big,Others
EBS_SHELF,1995,420,376,0,0,0,EBS,0,0,0,0,big skate,Beringraja binoculata,Y,5,5,Big,Minor,Big,Others
EBS_SHELF,1996,420,375,1,886.38,785668.1978,EBS,0.999999168,886.379263,-850.9233554,2623.683355,big skate,Beringraja binoculata,Y,5,5,Big,Minor,Big,Others
EBS_SHELF,2009,420,376,5,4504.26,5051367.905,EBS,0.498977599,2247.52484,99.11131431,8909.408686,big skate,Beringraja binoculata,Y,5,5,Big,Minor,Big,Others
EBS_SHELF,2010,420,376,4,3461.27,5259386.27,EBS,0.662570439,2293.335185,-1033.666962,7956.206962,big skate,Beringraja binoculata,Y,5,5,Big,Minor,Big,Others
EBS_SHELF,2011,420,376,3,5287.82,14562570.92,EBS,0.721676168,3816.093673,-2191.7236,12767.3636,big skate,Beringraja binoculata,Y,5,5,Big,Minor,Big,Others
EBS_SHELF,2012,420,376,2,1166.38,674561.1591,EBS,0.704158784,821.3167228,-443.4007766,2776.160777,big skate,Beringraja binoculata,Y,5,5,Big,Minor,Big,Others
EBS_SHELF,2013,420,376,1,3394.79,11524609.7,EBS,1.000000458,3394.791554,-3259.001446,10048.58145,big skate,Beringraja binoculata,Y,5,5,Big,Minor,Big,Others
EBS_SHELF,2014,420,376,4,3613.65,4693558.143,EBS,0.599521848,2166.462126,-632.615767,7859.915767,big skate,Beringraja binoculata,Y,5,5,Big,Minor,Big,Others
EBS_SHELF,2015,420,376,9,15550.09,57399723.91,EBS,0.487216508,7576.260549,700.6193236,30399.56068,big skate,Beringraja binoculata,Y,5,5,Big,Minor,Big,Others
EBS_SHELF,2016,420,376,7,10744.78,33945205.41,EBS,0.542240176,5826.251403,-674.6727496,22164.23275,big skate,Beringraja binoculata,Y,5,5,Big,Minor,Big,Others
EBS_SHELF,2017,420,376,9,13761.77,32422762.65,EBS,0.413762106,5694.098932,2601.336093,24922.20391,big skate,Beringraja binoculata,Y,5,5,Big,Minor,Big,Others
EBS_SHELF,2018,420,376,13,28913.19,148721312.6,EBS,0.421784479,12195.13479,5010.725806,52815.65419,big skate,Beringraja binoculata,Y,5,5,Big,Minor,Big,Others
EBS_SHELF,2019,420,376,10,11902.13,19680042.7,EBS,0.372724833,4436.219415,3207.139946,20597.12005,big skate,Beringraja binoculata,Y,5,5,Big,Minor,Big,Others
EBS_SHELF,2021,420,376,11,13627.06,32041966.45,EBS,0.415391315,5660.562379,2532.357737,24721.76226,big skate,Beringraja binoculata,Y,5,5,Big,Minor,Big,Others
EBS_SHELF,2000,420,372,4,5182.02,18377582.29,EBS,0.827265862,4286.908243,-3220.320157,13584.36016,big skate,Beringraja binoculata,Y,5,5,Big,Minor,Big,Others
EBS_SHELF,2001,420,375,3,1819.99,2009058.44,EBS,0.778802403,1417.412586,-958.1386692,4598.118669,big skate,Beringraja binoculata,Y,5,5,Big,Minor,Big,Others
EBS_SHELF,2002,420,375,3,1497.52,792996.4026,EBS,0.594652128,890.5034546,-247.866771,3242.906771,big skate,Beringraja binoculata,Y,5,5,Big,Minor,Big,Others
EBS_SHELF,2003,420,376,0,0,0,EBS,0,0,0,0,big skate,Beringraja binoculata,Y,5,5,Big,Minor,Big,Others
EBS_SHELF,2004,420,375,2,952.21,453411.1558,EBS,0.707152958,673.3581185,-367.5719123,2271.991912,big skate,Beringraja binoculata,Y,5,5,Big,Minor,Big,Others
EBS_SHELF,2005,420,373,2,2324.32,2702059.258,EBS,0.707215085,1643.794165,-897.516564,5546.156564,big skate,Beringraja binoculata,Y,5,5,Big,Minor,Big,Others
EBS_SHELF,2004,440,375,0,0,0,EBS,0,0,0,0,longnose skate,Raja rhina,Y,5,5,Minor,Minor,Minor,Others
EBS_SHELF,2005,440,373,0,0,0,EBS,0,0,0,0,longnose skate,Raja rhina,Y,5,5,Minor,Minor,Minor,Others
EBS_SHELF,2006,440,376,0,0,0,EBS,0,0,0,0,longnose skate,Raja rhina,Y,5,5,Minor,Minor,Minor,Others
EBS_SHELF,2007,440,376,0,0,0,EBS,0,0,0,0,longnose skate,Raja rhina,Y,5,5,Minor,Minor,Minor,Others
EBS_SHELF,1987,440,357,0,0,0,EBS,0,0,0,0,longnose skate,Raja rhina,Y,5,5,Minor,Minor,Minor,Others
EBS_SHELF,1988,440,373,0,0,0,EBS,0,0,0,0,longnose skate,Raja rhina,Y,5,5,Minor,Minor,Minor,Others
EBS_SHELF,1989,440,374,0,0,0,EBS,0,0,0,0,longnose skate,Raja rhina,Y,5,5,Minor,Minor,Minor,Others
EBS_SHELF,1990,440,371,0,0,0,EBS,0,0,0,0,longnose skate,Raja rhina,Y,5,5,Minor,Minor,Minor,Others
EBS_SHELF,1991,440,372,0,0,0,EBS,0,0,0,0,longnose skate,Raja rhina,Y,5,5,Minor,Minor,Minor,Others
EBS_SHELF,1992,440,356,0,0,0,EBS,0,0,0,0,longnose skate,Raja rhina,Y,5,5,Minor,Minor,Minor,Others
EBS_SHELF,1993,440,375,0,0,0,EBS,0,0,0,0,longnose skate,Raja rhina,Y,5,5,Minor,Minor,Minor,Others
EBS_SHELF,1994,440,375,0,0,0,EBS,0,0,0,0,longnose skate,Raja rhina,Y,5,5,Minor,Minor,Minor,Others
EBS_SHELF,1995,440,376,0,0,0,EBS,0,0,0,0,longnose skate,Raja rhina,Y,5,5,Minor,Minor,Minor,Others
EBS_SHELF,1996,440,375,1,231.27,53485.1849,EBS,0.999994129,231.2686423,-222.0165389,684.5565389,longnose skate,Raja rhina,Y,5,5,Minor,Minor,Minor,Others
EBS_SHELF,1997,440,376,0,0,0,EBS,0,0,0,0,longnose skate,Raja rhina,Y,5,5,Minor,Minor,Minor,Others
EBS_SHELF,1998,440,375,0,0,0,EBS,0,0,0,0,longnose skate,Raja rhina,Y,5,5,Minor,Minor,Minor,Others
EBS_SHELF,1999,440,373,0,0,0,EBS,0,0,0,0,longnose skate,Raja rhina,Y,5,5,Minor,Minor,Minor,Others
EBS_SHELF,2000,440,372,0,0,0,EBS,0,0,0,0,longnose skate,Raja rhina,Y,5,5,Minor,Minor,Minor,Others
EBS_SHELF,2001,440,375,0,0,0,EBS,0,0,0,0,longnose skate,Raja rhina,Y,5,5,Minor,Minor,Minor,Others
EBS_SHELF,2002,440,375,2,907.44,413918.0084,EBS,0.708988583,643.3645999,-353.5546158,2168.434616,longnose skate,Raja rhina,Y,5,5,Minor,Minor,Minor,Others
EBS_SHELF,2003,440,376,0,0,0,EBS,0,0,0,0,longnose skate,Raja rhina,Y,5,5,Minor,Minor,Minor,Others
EBS_SHELF,2018,440,376,2,538.96,175601.1737,EBS,0.777512129,419.0479372,-282.373957,1360.293957,longnose skate,Raja rhina,Y,5,5,Minor,Minor,Minor,Others
EBS_SHELF,2019,440,376,0,0,0,EBS,0,0,0,0,longnose skate,Raja rhina,Y,5,5,Minor,Minor,Minor,Others
EBS_SHELF,2021,440,376,0,0,0,EBS,0,0,0,0,longnose skate,Raja rhina,Y,5,5,Minor,Minor,Minor,Others
EBS_SHELF,2022,440,376,1,45.74,2092.5098,EBS,1.000086558,45.74395916,-43.91815996,135.39816,longnose skate,Raja rhina,Y,5,5,Minor,Minor,Minor,Others
EBS_SHELF,2023,440,376,2,112.86,6602.3067,EBS,0.71995906,81.25457956,-46.39897594,272.1189759,longnose skate,Raja rhina,Y,5,5,Minor,Minor,Minor,Others
EBS_SHELF,2008,440,375,1,159.2,25345.0263,EBS,1.000007621,159.2012132,-152.834378,471.234378,longnose skate,Raja rhina,Y,5,5,Minor,Minor,Minor,Others
EBS_SHELF,2009,440,376,0,0,0,EBS,0,0,0,0,longnose skate,Raja rhina,Y,5,5,Minor,Minor,Minor,Others
EBS_SHELF,2010,440,376,0,0,0,EBS,0,0,0,0,longnose skate,Raja rhina,Y,5,5,Minor,Minor,Minor,Others
EBS_SHELF,2011,440,376,0,0,0,EBS,0,0,0,0,longnose skate,Raja rhina,Y,5,5,Minor,Minor,Minor,Others
EBS_SHELF,2012,440,376,1,117.5,13807.1629,EBS,1.000033061,117.5038846,-112.8076138,347.8076138,longnose skate,Raja rhina,Y,5,5,Minor,Minor,Minor,Others
EBS_SHELF,2013,440,376,0,0,0,EBS,0,0,0,0,longnose skate,Raja rhina,Y,5,5,Minor,Minor,Minor,Others
EBS_SHELF,2014,440,376,0,0,0,EBS,0,0,0,0,longnose skate,Raja rhina,Y,5,5,Minor,Minor,Minor,Others
EBS_SHELF,2015,440,376,1,344.34,118568.2794,EBS,0.999992594,344.3374499,-330.5614018,1019.241402,longnose skate,Raja rhina,Y,5,5,Minor,Minor,Minor,Others
EBS_SHELF,2016,440,376,0,0,0,EBS,0,0,0,0,longnose skate,Raja rhina,Y,5,5,Minor,Minor,Minor,Others
EBS_SHELF,2017,440,376,0,0,0,EBS,0,0,0,0,longnose skate,Raja rhina,Y,5,5,Minor,Minor,Minor,Others
EBS_SHELF,2017,455,376,1,143.34,20547.6805,EBS,1.000032241,143.3446215,-137.6154581,424.2954581,mud skate,Bathyraja taranetzi,Y,5,5,Minor,Mud,Minor,Others
EBS_SHELF,1992,455,356,0,0,0,EBS,0,0,0,0,mud skate,Bathyraja taranetzi,Y,5,5,Minor,Mud,Minor,Others
EBS_SHELF,1993,455,375,0,0,0,EBS,0,0,0,0,mud skate,Bathyraja taranetzi,Y,5,5,Minor,Mud,Minor,Others
EBS_SHELF,1994,455,375,0,0,0,EBS,0,0,0,0,mud skate,Bathyraja taranetzi,Y,5,5,Minor,Mud,Minor,Others
EBS_SHELF,1995,455,376,0,0,0,EBS,0,0,0,0,mud skate,Bathyraja taranetzi,Y,5,5,Minor,Mud,Minor,Others
EBS_SHELF,1996,455,375,0,0,0,EBS,0,0,0,0,mud skate,Bathyraja taranetzi,Y,5,5,Minor,Mud,Minor,Others
EBS_SHELF,1997,455,376,0,0,0,EBS,0,0,0,0,mud skate,Bathyraja taranetzi,Y,5,5,Minor,Mud,Minor,Others
EBS_SHELF,1998,455,375,0,0,0,EBS,0,0,0,0,mud skate,Bathyraja taranetzi,Y,5,5,Minor,Mud,Minor,Others
EBS_SHELF,1999,455,373,0,0,0,EBS,0,0,0,0,mud skate,Bathyraja taranetzi,Y,5,5,Minor,Mud,Minor,Others
EBS_SHELF,2000,455,372,5,446.8,46389.2056,EBS,0.48205357,215.381535,24.65219149,868.9478085,mud skate,Bathyraja taranetzi,Y,5,5,Minor,Mud,Minor,Others
EBS_SHELF,2001,455,375,0,0,0,EBS,0,0,0,0,mud skate,Bathyraja taranetzi,Y,5,5,Minor,Mud,Minor,Others
EBS_SHELF,2002,455,375,0,0,0,EBS,0,0,0,0,mud skate,Bathyraja taranetzi,Y,5,5,Minor,Mud,Minor,Others
EBS_SHELF,2003,455,376,7,517.53,35861.4248,EBS,0.365913338,189.3711298,146.3625856,888.6974144,mud skate,Bathyraja taranetzi,Y,5,5,Minor,Mud,Minor,Others
EBS_SHELF,2004,455,375,0,0,0,EBS,0,0,0,0,mud skate,Bathyraja taranetzi,Y,5,5,Minor,Mud,Minor,Others
EBS_SHELF,2005,455,373,2,185.94,25307.8505,EBS,0.855568534,159.0844131,-125.8654497,497.7454497,mud skate,Bathyraja taranetzi,Y,5,5,Minor,Mud,Minor,Others
EBS_SHELF,2006,455,376,1,54.9,3014.3839,EBS,1.000062025,54.90340518,-52.71067415,162.5106741,mud skate,Bathyraja taranetzi,Y,5,5,Minor,Mud,Minor,Others
EBS_SHELF,2007,455,376,0,0,0,EBS,0,0,0,0,mud skate,Bathyraja taranetzi,Y,5,5,Minor,Mud,Minor,Others
EBS_SHELF,2008,455,375,1,122.66,15045.3363,EBS,0.999995371,122.6594322,-117.7524871,363.0724871,mud skate,Bathyraja taranetzi,Y,5,5,Minor,Mud,Minor,Others
EBS_SHELF,2009,455,376,0,0,0,EBS,0,0,0,0,mud skate,Bathyraja taranetzi,Y,5,5,Minor,Mud,Minor,Others
EBS_SHELF,2010,455,376,0,0,0,EBS,0,0,0,0,mud skate,Bathyraja taranetzi,Y,5,5,Minor,Mud,Minor,Others
EBS_SHELF,2011,455,376,2,187.84,17380.2732,EBS,0.701843399,131.8342641,-70.5551577,446.2351577,mud skate,Bathyraja taranetzi,Y,5,5,Minor,Mud,Minor,Others
EBS_SHELF,2012,455,376,1,280.53,78695.229,EBS,0.999988234,280.5266993,-269.3023306,830.3623306,mud skate,Bathyraja taranetzi,Y,5,5,Minor,Mud,Minor,Others
EBS_SHELF,2013,455,376,0,0,0,EBS,0,0,0,0,mud skate,Bathyraja taranetzi,Y,5,5,Minor,Mud,Minor,Others
EBS_SHELF,2014,455,376,1,148.58,22075.8113,EBS,0.999995355,148.5793098,-142.6354472,439.7954472,mud skate,Bathyraja taranetzi,Y,5,5,Minor,Mud,Minor,Others
EBS_SHELF,1988,455,373,0,0,0,EBS,0,0,0,0,mud skate,Bathyraja taranetzi,Y,5,5,Minor,Mud,Minor,Others
EBS_SHELF,1989,455,374,0,0,0,EBS,0,0,0,0,mud skate,Bathyraja taranetzi,Y,5,5,Minor,Mud,Minor,Others
EBS_SHELF,1990,455,371,0,0,0,EBS,0,0,0,0,mud skate,Bathyraja taranetzi,Y,5,5,Minor,Mud,Minor,Others
EBS_SHELF,1991,455,372,0,0,0,EBS,0,0,0,0,mud skate,Bathyraja taranetzi,Y,5,5,Minor,Mud,Minor,Others
EBS_SHELF,1987,455,357,0,0,0,EBS,0,0,0,0,mud skate,Bathyraja taranetzi,Y,5,5,Minor,Mud,Minor,Others
EBS_SHELF,2018,455,376,4,610.55,98263.7921,EBS,0.513423242,313.4705602,-3.852297954,1224.952298,mud skate,Bathyraja taranetzi,Y,5,5,Minor,Mud,Minor,Others
EBS_SHELF,2019,455,376,6,870.69,182339.0096,EBS,0.490429109,427.0117207,33.74702746,1707.632973,mud skate,Bathyraja taranetzi,Y,5,5,Minor,Mud,Minor,Others
EBS_SHELF,2021,455,376,2,131.02,8762.2585,EBS,0.714447689,93.60693617,-52.4495949,314.4895949,mud skate,Bathyraja taranetzi,Y,5,5,Minor,Mud,Minor,Others
EBS_SHELF,2022,455,376,2,181.67,16223.4894,EBS,0.701114451,127.3714623,-67.97806604,431.318066,mud skate,Bathyraja taranetzi,Y,5,5,Minor,Mud,Minor,Others
EBS_SHELF,2023,455,376,2,115.96,6620.8758,EBS,0.701696829,81.36876428,-43.52277798,275.442778,mud skate,Bathyraja taranetzi,Y,5,5,Minor,Mud,Minor,Others
EBS_SHELF,2015,455,376,1,189.08,35750.8442,EBS,0.999994375,189.0789364,-181.5147154,559.6747154,mud skate,Bathyraja taranetzi,Y,5,5,Minor,Mud,Minor,Others
EBS_SHELF,2016,455,376,4,497.06,70624.5294,EBS,0.534649257,265.7527599,-23.81540942,1017.935409,mud skate,Bathyraja taranetzi,Y,5,5,Minor,Mud,Minor,Others
EBS_SHELF,1995,495,376,0,0,0,EBS,0,0,0,0,Okhotsk skate,Bathyraja violacea,Y,5,5,Minor,Minor,Minor,Others
EBS_SHELF,1992,495,356,0,0,0,EBS,0,0,0,0,Okhotsk skate,Bathyraja violacea,Y,5,5,Minor,Minor,Minor,Others
EBS_SHELF,1993,495,375,0,0,0,EBS,0,0,0,0,Okhotsk skate,Bathyraja violacea,Y,5,5,Minor,Minor,Minor,Others
EBS_SHELF,1994,495,375,0,0,0,EBS,0,0,0,0,Okhotsk skate,Bathyraja violacea,Y,5,5,Minor,Minor,Minor,Others
EBS_SHELF,1996,495,375,0,0,0,EBS,0,0,0,0,Okhotsk skate,Bathyraja violacea,Y,5,5,Minor,Minor,Minor,Others
EBS_SHELF,1987,495,357,0,0,0,EBS,0,0,0,0,Okhotsk skate,Bathyraja violacea,Y,5,5,Minor,Minor,Minor,Others
EBS_SHELF,1988,495,373,0,0,0,EBS,0,0,0,0,Okhotsk skate,Bathyraja violacea,Y,5,5,Minor,Minor,Minor,Others
EBS_SHELF,1999,495,373,0,0,0,EBS,0,0,0,0,Okhotsk skate,Bathyraja violacea,Y,5,5,Minor,Minor,Minor,Others
EBS_SHELF,2000,495,372,0,0,0,EBS,0,0,0,0,Okhotsk skate,Bathyraja violacea,Y,5,5,Minor,Minor,Minor,Others
EBS_SHELF,2001,495,375,1,97.41,9487.8408,EBS,0.999954297,97.4055481,-93.50487427,288.3248743,Okhotsk skate,Bathyraja violacea,Y,5,5,Minor,Minor,Minor,Others
EBS_SHELF,2012,495,376,0,0,0,EBS,0,0,0,0,Okhotsk skate,Bathyraja violacea,Y,5,5,Minor,Minor,Minor,Others
EBS_SHELF,2013,495,376,0,0,0,EBS,0,0,0,0,Okhotsk skate,Bathyraja violacea,Y,5,5,Minor,Minor,Minor,Others
EBS_SHELF,2014,495,376,0,0,0,EBS,0,0,0,0,Okhotsk skate,Bathyraja violacea,Y,5,5,Minor,Minor,Minor,Others
EBS_SHELF,1989,495,374,0,0,0,EBS,0,0,0,0,Okhotsk skate,Bathyraja violacea,Y,5,5,Minor,Minor,Minor,Others
EBS_SHELF,1990,495,371,0,0,0,EBS,0,0,0,0,Okhotsk skate,Bathyraja violacea,Y,5,5,Minor,Minor,Minor,Others
EBS_SHELF,2002,495,375,3,367.35,52532.8519,EBS,0.623929392,229.2004623,-81.88290603,816.582906,Okhotsk skate,Bathyraja violacea,Y,5,5,Minor,Minor,Minor,Others
EBS_SHELF,2003,495,376,0,0,0,EBS,0,0,0,0,Okhotsk skate,Bathyraja violacea,Y,5,5,Minor,Minor,Minor,Others
EBS_SHELF,2004,495,375,0,0,0,EBS,0,0,0,0,Okhotsk skate,Bathyraja violacea,Y,5,5,Minor,Minor,Minor,Others
EBS_SHELF,2015,495,376,0,0,0,EBS,0,0,0,0,Okhotsk skate,Bathyraja violacea,Y,5,5,Minor,Minor,Minor,Others
EBS_SHELF,2016,495,376,0,0,0,EBS,0,0,0,0,Okhotsk skate,Bathyraja violacea,Y,5,5,Minor,Minor,Minor,Others
EBS_SHELF,2017,495,376,0,0,0,EBS,0,0,0,0,Okhotsk skate,Bathyraja violacea,Y,5,5,Minor,Minor,Minor,Others
EBS_SHELF,2018,495,376,0,0,0,EBS,0,0,0,0,Okhotsk skate,Bathyraja violacea,Y,5,5,Minor,Minor,Minor,Others
EBS_SHELF,1991,495,372,0,0,0,EBS,0,0,0,0,Okhotsk skate,Bathyraja violacea,Y,5,5,Minor,Minor,Minor,Others
EBS_SHELF,2005,495,373,1,158.21,25029.2363,EBS,0.999976672,158.2063093,-151.8743662,468.2943662,Okhotsk skate,Bathyraja violacea,Y,5,5,Minor,Minor,Minor,Others
EBS_SHELF,2006,495,376,0,0,0,EBS,0,0,0,0,Okhotsk skate,Bathyraja violacea,Y,5,5,Minor,Minor,Minor,Others
EBS_SHELF,2007,495,376,0,0,0,EBS,0,0,0,0,Okhotsk skate,Bathyraja violacea,Y,5,5,Minor,Minor,Minor,Others
EBS_SHELF,2008,495,375,0,0,0,EBS,0,0,0,0,Okhotsk skate,Bathyraja violacea,Y,5,5,Minor,Minor,Minor,Others
EBS_SHELF,2019,495,376,0,0,0,EBS,0,0,0,0,Okhotsk skate,Bathyraja violacea,Y,5,5,Minor,Minor,Minor,Others
EBS_SHELF,2021,495,376,0,0,0,EBS,0,0,0,0,Okhotsk skate,Bathyraja violacea,Y,5,5,Minor,Minor,Minor,Others
EBS_SHELF,2022,495,376,0,0,0,EBS,0,0,0,0,Okhotsk skate,Bathyraja violacea,Y,5,5,Minor,Minor,Minor,Others
EBS_SHELF,1997,495,376,0,0,0,EBS,0,0,0,0,Okhotsk skate,Bathyraja violacea,Y,5,5,Minor,Minor,Minor,Others
EBS_SHELF,1998,495,375,0,0,0,EBS,0,0,0,0,Okhotsk skate,Bathyraja violacea,Y,5,5,Minor,Minor,Minor,Others
EBS_SHELF,2009,495,376,0,0,0,EBS,0,0,0,0,Okhotsk skate,Bathyraja violacea,Y,5,5,Minor,Minor,Minor,Others
EBS_SHELF,2010,495,376,0,0,0,EBS,0,0,0,0,Okhotsk skate,Bathyraja violacea,Y,5,5,Minor,Minor,Minor,Others
EBS_SHELF,2011,495,376,0,0,0,EBS,0,0,0,0,Okhotsk skate,Bathyraja violacea,Y,5,5,Minor,Minor,Minor,Others
EBS_SHELF,2023,495,376,0,0,0,EBS,0,0,0,0,Okhotsk skate,Bathyraja violacea,Y,5,5,Minor,Minor,Minor,Others
EBS_SHELF,2021,480,376,1,435.54,189695.2571,EBS,1.000000436,435.54019,-418.1187724,1289.198772,whiteblotched skate,Bathyraja maculata,Y,5,5,Minor,Whiteblotched,Whiteblotched,Others
EBS_SHELF,2022,480,376,1,149.12,22236.6356,EBS,0.999996879,149.1195346,-143.1542878,441.3942878,whiteblotched skate,Bathyraja maculata,Y,5,5,Minor,Whiteblotched,Whiteblotched,Others
EBS_SHELF,2023,480,376,1,344.19,118468.001,EBS,1.000005254,344.1918084,-330.4259446,1018.805945,whiteblotched skate,Bathyraja maculata,Y,5,5,Minor,Whiteblotched,Whiteblotched,Others
EBS_SHELF,2003,480,376,0,0,0,EBS,0,0,0,0,whiteblotched skate,Bathyraja maculata,Y,5,5,Minor,Whiteblotched,Whiteblotched,Others
EBS_SHELF,2004,480,375,0,0,0,EBS,0,0,0,0,whiteblotched skate,Bathyraja maculata,Y,5,5,Minor,Whiteblotched,Whiteblotched,Others
EBS_SHELF,2016,480,376,1,240.39,57787.4573,EBS,1.00000091,240.3902188,-230.7748289,711.5548289,whiteblotched skate,Bathyraja maculata,Y,5,5,Minor,Whiteblotched,Whiteblotched,Others
EBS_SHELF,1991,480,372,0,0,0,EBS,0,0,0,0,whiteblotched skate,Bathyraja maculata,Y,5,5,Minor,Whiteblotched,Whiteblotched,Others
EBS_SHELF,2005,480,373,1,1049.43,1101309.21,EBS,1.000002672,1049.432804,-1007.458296,3106.318296,whiteblotched skate,Bathyraja maculata,Y,5,5,Minor,Whiteblotched,Whiteblotched,Others
EBS_SHELF,2006,480,376,1,180.83,32698.1575,EBS,0.999979642,180.8263186,-173.5895845,535.2495845,whiteblotched skate,Bathyraja maculata,Y,5,5,Minor,Whiteblotched,Whiteblotched,Others
EBS_SHELF,2017,480,376,0,0,0,EBS,0,0,0,0,whiteblotched skate,Bathyraja maculata,Y,5,5,Minor,Whiteblotched,Whiteblotched,Others
EBS_SHELF,2018,480,376,2,653.12,208365.9798,EBS,0.698908662,456.4712256,-241.5636022,1547.803602,whiteblotched skate,Bathyraja maculata,Y,5,5,Minor,Whiteblotched,Whiteblotched,Others
EBS_SHELF,1992,480,356,0,0,0,EBS,0,0,0,0,whiteblotched skate,Bathyraja maculata,Y,5,5,Minor,Whiteblotched,Whiteblotched,Others
EBS_SHELF,1993,480,375,0,0,0,EBS,0,0,0,0,whiteblotched skate,Bathyraja maculata,Y,5,5,Minor,Whiteblotched,Whiteblotched,Others
EBS_SHELF,1994,480,375,0,0,0,EBS,0,0,0,0,whiteblotched skate,Bathyraja maculata,Y,5,5,Minor,Whiteblotched,Whiteblotched,Others
EBS_SHELF,2007,480,376,2,3170.92,8595825.054,EBS,0.924609814,2931.863751,-2575.532952,8917.372952,whiteblotched skate,Bathyraja maculata,Y,5,5,Minor,Whiteblotched,Whiteblotched,Others
EBS_SHELF,2019,480,376,0,0,0,EBS,0,0,0,0,whiteblotched skate,Bathyraja maculata,Y,5,5,Minor,Whiteblotched,Whiteblotched,Others
EBS_SHELF,1995,480,376,0,0,0,EBS,0,0,0,0,whiteblotched skate,Bathyraja maculata,Y,5,5,Minor,Whiteblotched,Whiteblotched,Others
EBS_SHELF,2008,480,375,1,233.73,54630.2843,EBS,1.00000523,233.7312223,-224.3831958,691.8431958,whiteblotched skate,Bathyraja maculata,Y,5,5,Minor,Whiteblotched,Whiteblotched,Others
EBS_SHELF,2009,480,376,1,212.16,45012.3135,EBS,1.000004975,212.1610556,-203.6756689,627.9956689,whiteblotched skate,Bathyraja maculata,Y,5,5,Minor,Whiteblotched,Whiteblotched,Others
EBS_SHELF,2010,480,376,1,132.15,17464.3973,EBS,1.000022183,132.1529315,-126.8697457,391.1697457,whiteblotched skate,Bathyraja maculata,Y,5,5,Minor,Whiteblotched,Whiteblotched,Others
EBS_SHELF,1996,480,375,0,0,0,EBS,0,0,0,0,whiteblotched skate,Bathyraja maculata,Y,5,5,Minor,Whiteblotched,Whiteblotched,Others
EBS_SHELF,1997,480,376,0,0,0,EBS,0,0,0,0,whiteblotched skate,Bathyraja maculata,Y,5,5,Minor,Whiteblotched,Whiteblotched,Others
EBS_SHELF,1998,480,375,0,0,0,EBS,0,0,0,0,whiteblotched skate,Bathyraja maculata,Y,5,5,Minor,Whiteblotched,Whiteblotched,Others
EBS_SHELF,1987,480,357,0,0,0,EBS,0,0,0,0,whiteblotched skate,Bathyraja maculata,Y,5,5,Minor,Whiteblotched,Whiteblotched,Others
EBS_SHELF,1988,480,373,0,0,0,EBS,0,0,0,0,whiteblotched skate,Bathyraja maculata,Y,5,5,Minor,Whiteblotched,Whiteblotched,Others
EBS_SHELF,2011,480,376,0,0,0,EBS,0,0,0,0,whiteblotched skate,Bathyraja maculata,Y,5,5,Minor,Whiteblotched,Whiteblotched,Others
EBS_SHELF,2012,480,376,1,335.48,112549.3024,EBS,1.000010982,335.4836843,-322.0680211,993.0280211,whiteblotched skate,Bathyraja maculata,Y,5,5,Minor,Whiteblotched,Whiteblotched,Others
EBS_SHELF,2013,480,376,0,0,0,EBS,0,0,0,0,whiteblotched skate,Bathyraja maculata,Y,5,5,Minor,Whiteblotched,Whiteblotched,Others
EBS_SHELF,1999,480,373,0,0,0,EBS,0,0,0,0,whiteblotched skate,Bathyraja maculata,Y,5,5,Minor,Whiteblotched,Whiteblotched,Others
EBS_SHELF,2000,480,372,0,0,0,EBS,0,0,0,0,whiteblotched skate,Bathyraja maculata,Y,5,5,Minor,Whiteblotched,Whiteblotched,Others
EBS_SHELF,2001,480,375,0,0,0,EBS,0,0,0,0,whiteblotched skate,Bathyraja maculata,Y,5,5,Minor,Whiteblotched,Whiteblotched,Others
EBS_SHELF,2014,480,376,0,0,0,EBS,0,0,0,0,whiteblotched skate,Bathyraja maculata,Y,5,5,Minor,Whiteblotched,Whiteblotched,Others
EBS_SHELF,2015,480,376,0,0,0,EBS,0,0,0,0,whiteblotched skate,Bathyraja maculata,Y,5,5,Minor,Whiteblotched,Whiteblotched,Others
EBS_SHELF,1989,480,374,0,0,0,EBS,0,0,0,0,whiteblotched skate,Bathyraja maculata,Y,5,5,Minor,Whiteblotched,Whiteblotched,Others
EBS_SHELF,1990,480,371,0,0,0,EBS,0,0,0,0,whiteblotched skate,Bathyraja maculata,Y,5,5,Minor,Whiteblotched,Whiteblotched,Others
EBS_SHELF,2002,480,375,1,235.82,55609.3739,EBS,0.999984729,235.8163987,-226.3801415,698.0201415,whiteblotched skate,Bathyraja maculata,Y,5,5,Minor,Whiteblotched,Whiteblotched,Others
EBS_SLOPE,2002,471,141,19,35931.81661,1160136802,EBS,0.947928166,34060.781,-30827.31416,102690.9474,Alaska skate,Bathyraja parmifera,Y,3,5,Alaska,Alaska,Alaska,Others
EBS_SLOPE,2004,471,231,32,4247.676225,1926692.125,EBS,0.326779463,1388.053358,1527.091644,6968.260807,Alaska skate,Bathyraja parmifera,Y,3,5,Alaska,Alaska,Alaska,Others
EBS_SLOPE,2008,471,200,36,4318.056982,1909273.857,EBS,0.31999688,1381.764762,1609.798049,7026.315915,Alaska skate,Bathyraja parmifera,Y,3,5,Alaska,Alaska,Alaska,Others
EBS_SLOPE,2010,471,200,19,1295.564142,170720.8811,EBS,0.318921944,413.1838345,485.7238267,2105.404458,Alaska skate,Bathyraja parmifera,Y,3,5,Alaska,Alaska,Alaska,Others
EBS_SLOPE,2012,471,189,35,19102.00847,27190312.53,EBS,0.272978263,5214.433097,8881.719596,29322.29734,Alaska skate,Bathyraja parmifera,Y,3,5,Alaska,Alaska,Alaska,Others
EBS_SLOPE,2016,471,175,27,8964.83546,7379327.295,EBS,0.303016351,2716.491726,3640.511678,14289.15924,Alaska skate,Bathyraja parmifera,Y,3,5,Alaska,Alaska,Alaska,Others
EBS_SLOPE,2008,472,200,160,16682.27934,5994815.636,EBS,0.146768389,2448.43126,11883.35407,21481.20461,Aleutian skate,Bathyraja aleutica,Y,5,5,Aleutian,Aleutian,Aleutian,Others
EBS_SLOPE,2010,472,200,163,18721.34631,16633389.39,EBS,0.217847861,4078.405251,10727.67202,26715.0206,Aleutian skate,Bathyraja aleutica,Y,5,5,Aleutian,Aleutian,Aleutian,Others
EBS_SLOPE,2012,472,189,146,22376.97569,7614454.079,EBS,0.123315593,2759.430028,16968.49283,27785.45854,Aleutian skate,Bathyraja aleutica,Y,5,5,Aleutian,Aleutian,Aleutian,Others
EBS_SLOPE,2002,472,141,101,18654.55838,19302542,EBS,0.235517011,4393.46583,10043.36535,27265.75141,Aleutian skate,Bathyraja aleutica,Y,5,5,Aleutian,Aleutian,Aleutian,Others
EBS_SLOPE,2016,472,175,146,23203.767,20675028.97,EBS,0.195958708,4546.980204,14291.68581,32115.8482,Aleutian skate,Bathyraja aleutica,Y,5,5,Aleutian,Aleutian,Aleutian,Others
EBS_SLOPE,2004,472,231,171,14987.19499,4690773.601,EBS,0.144511323,2165.819383,10742.189,19232.20098,Aleutian skate,Bathyraja aleutica,Y,5,5,Aleutian,Aleutian,Aleutian,Others
EBS_SLOPE,2012,435,189,90,3442.192763,288172.4248,EBS,0.155952027,536.8169379,2390.031565,4494.353961,Bering skate,Bathyraja interrupta,Y,5,5,Bering,Bering,Bering,Others
EBS_SLOPE,2016,435,175,51,1962.968899,147445.6485,EBS,0.195615183,383.9865213,1210.355318,2715.582481,Bering skate,Bathyraja interrupta,Y,5,5,Bering,Bering,Bering,Others
EBS_SLOPE,2002,435,141,64,2872.851159,264743.6984,EBS,0.179101692,514.5325047,1864.36745,3881.334868,Bering skate,Bathyraja interrupta,Y,5,5,Bering,Bering,Bering,Others
EBS_SLOPE,2004,435,231,107,1953.211866,50055.51439,EBS,0.114545125,223.7308973,1514.699307,2391.724425,Bering skate,Bathyraja interrupta,Y,5,5,Bering,Bering,Bering,Others
EBS_SLOPE,2008,435,200,96,2443.110908,144500.5302,EBS,0.155593531,380.1322535,1698.051691,3188.170124,Bering skate,Bathyraja interrupta,Y,5,5,Bering,Bering,Bering,Others
EBS_SLOPE,2010,435,200,101,2780.317318,205891.5563,EBS,0.163201785,453.752748,1890.961932,3669.672704,Bering skate,Bathyraja interrupta,Y,5,5,Bering,Bering,Bering,Others
EBS_SLOPE,2002,475,141,49,3656.42892,325379.991,EBS,0.156004917,570.4208893,2538.403977,4774.453863,Commander skate,Bathyraja lindbergi,Y,5,5,Minor,Commander,Minor,Others
EBS_SLOPE,2016,475,175,68,5510.998386,790045.1026,EBS,0.161285624,888.8448136,3768.862552,7253.134221,Commander skate,Bathyraja lindbergi,Y,5,5,Minor,Commander,Minor,Others
EBS_SLOPE,2010,475,200,73,3392.895425,254573.0331,EBS,0.148708476,504.5523096,2403.972899,4381.817952,Commander skate,Bathyraja lindbergi,Y,5,5,Minor,Commander,Minor,Others
EBS_SLOPE,2004,475,231,67,4194.11085,390975.8835,EBS,0.149085388,625.2806438,2968.560788,5419.660912,Commander skate,Bathyraja lindbergi,Y,5,5,Minor,Commander,Minor,Others
EBS_SLOPE,2012,475,189,66,4422.810943,325052.6983,EBS,0.128907597,570.1339302,3305.34844,5540.273446,Commander skate,Bathyraja lindbergi,Y,5,5,Minor,Commander,Minor,Others
EBS_SLOPE,2008,475,200,70,3342.111059,261677.4127,EBS,0.153060187,511.5441454,2339.484534,4344.737584,Commander skate,Bathyraja lindbergi,Y,5,5,Minor,Commander,Minor,Others
EBS_SLOPE,2004,410,231,2,163.6575087,14079.92846,EBS,0.725043875,118.6588743,-68.913885,396.2289024,deepsea skate,Bathyraja abyssicola,Y,5,5,Minor,Minor,Minor,Others
EBS_SLOPE,2008,410,200,3,159.8159761,9896.571326,EBS,0.622475393,99.48151248,-35.16778839,354.7997405,deepsea skate,Bathyraja abyssicola,Y,5,5,Minor,Minor,Minor,Others
EBS_SLOPE,2010,410,200,3,344.5317322,48123.96602,EBS,0.636724378,219.371753,-85.43690375,774.500368,deepsea skate,Bathyraja abyssicola,Y,5,5,Minor,Minor,Minor,Others
EBS_SLOPE,2012,410,189,1,89.94931484,8090.879241,EBS,1,89.94931484,-86.35134225,266.2499719,deepsea skate,Bathyraja abyssicola,Y,5,5,Minor,Minor,Minor,Others
EBS_SLOPE,2016,410,175,3,223.3186503,14451.53849,EBS,0.538309504,120.2145519,-12.30187149,458.939172,deepsea skate,Bathyraja abyssicola,Y,5,5,Minor,Minor,Minor,Others
EBS_SLOPE,2008,440,200,1,12.0331,144.7954957,EBS,1,12.0331,-11.551776,35.61797601,longnose skate,Raja rhina,Y,5,5,Minor,Minor,Minor,Others
EBS_SLOPE,2002,455,141,22,927.0681522,86496.29035,EBS,0.31723937,294.1025167,350.6272194,1503.509085,mud skate,Bathyraja taranetzi,Y,5,5,Minor,Mud,Minor,Others
EBS_SLOPE,2012,455,189,33,865.8624234,69557.87572,EBS,0.304596047,263.7382712,348.9354118,1382.789435,mud skate,Bathyraja taranetzi,Y,5,5,Minor,Mud,Minor,Others
EBS_SLOPE,2004,455,231,41,701.6214324,19572.02548,EBS,0.199395356,139.9000553,427.417324,975.8255409,mud skate,Bathyraja taranetzi,Y,5,5,Minor,Mud,Minor,Others
EBS_SLOPE,2016,455,175,32,576.8999618,16743.00911,EBS,0.224293272,129.3947801,323.2861929,830.5137308,mud skate,Bathyraja taranetzi,Y,5,5,Minor,Mud,Minor,Others
EBS_SLOPE,2008,455,200,42,977.9678876,46630.10361,EBS,0.220804843,215.9400463,554.7253967,1401.210378,mud skate,Bathyraja taranetzi,Y,5,5,Minor,Mud,Minor,Others
EBS_SLOPE,2010,455,200,42,576.2161215,20127.2605,EBS,0.246210703,141.8705766,298.1497915,854.2824516,mud skate,Bathyraja taranetzi,Y,5,5,Minor,Mud,Minor,Others
EBS_SLOPE,2002,405,141,5,53.37150297,1593.275542,EBS,0.747887047,39.91585577,-24.86357434,131.6065803,NA,Bathyraja sp.,Y,5,5,Minor,Minor,Minor,Others
EBS_SLOPE,2004,405,231,6,18.9979762,106.6370308,EBS,0.54355899,10.32652075,-1.242004471,39.23795687,NA,Bathyraja sp.,Y,5,5,Minor,Minor,Minor,Others
EBS_SLOPE,2016,405,175,1,0.102944917,0.010597656,EBS,1,0.102944917,-0.098827121,0.304716956,NA,Bathyraja sp.,Y,5,5,Minor,Minor,Minor,Others
EBS_SLOPE,2010,405,200,1,0.842811074,0.710330506,EBS,1,0.842811074,-0.809098631,2.494720779,NA,Bathyraja sp.,Y,5,5,Minor,Minor,Minor,Others
EBS_SLOPE,2002,495,141,3,47.35788987,788.7147751,EBS,0.593017685,28.08406621,-7.686879912,102.4026596,Okhotsk skate,Bathyraja violacea,Y,5,5,Minor,Minor,Minor,Others
EBS_SLOPE,2004,495,231,1,7.919297574,62.71527406,EBS,1,7.919297574,-7.602525671,23.44112082,Okhotsk skate,Bathyraja violacea,Y,5,5,Minor,Minor,Minor,Others
EBS_SLOPE,2008,460,200,54,2133.66537,82682.68231,EBS,0.134766196,287.5459656,1570.075278,2697.255463,roughtail skate,Bathyraja trachura,Y,5,5,Minor,Roughtail,Minor,Others
EBS_SLOPE,2012,460,189,48,2297.821103,114081.8885,EBS,0.146991471,337.7601049,1635.811298,2959.830909,roughtail skate,Bathyraja trachura,Y,5,5,Minor,Roughtail,Minor,Others
EBS_SLOPE,2010,460,200,36,2102.54441,114864.6103,EBS,0.161193655,338.9168191,1438.267444,2766.821375,roughtail skate,Bathyraja trachura,Y,5,5,Minor,Roughtail,Minor,Others
EBS_SLOPE,2016,460,175,43,2282.861933,108915.9143,EBS,0.144565953,330.0241117,1636.014674,2929.709191,roughtail skate,Bathyraja trachura,Y,5,5,Minor,Roughtail,Minor,Others
EBS_SLOPE,2002,460,141,41,1624.003803,53667.35934,EBS,0.142648783,231.6621664,1169.945957,2078.061649,roughtail skate,Bathyraja trachura,Y,5,5,Minor,Roughtail,Minor,Others
EBS_SLOPE,2004,460,231,47,1677.153613,42324.897,EBS,0.122666257,205.7301558,1273.922507,2080.384718,roughtail skate,Bathyraja trachura,Y,5,5,Minor,Roughtail,Minor,Others
EBS_SLOPE,2016,400,175,1,1.854333133,3.438551369,EBS,1,1.854333133,-1.780159808,5.488826074,skate unid.,Rajidae,Y,5,5,Minor,Minor,Minor,Others
EBS_SLOPE,2004,480,231,60,3449.54901,306166.7941,EBS,0.160404565,553.3234082,2365.035129,4534.06289,whiteblotched skate,Bathyraja maculata,Y,5,5,Minor,Whiteblotched,Whiteblotched,Others
EBS_SLOPE,2016,480,175,46,5064.544546,1161729.534,EBS,0.212819844,1077.835578,2951.986813,7177.10228,whiteblotched skate,Bathyraja maculata,Y,5,5,Minor,Whiteblotched,Whiteblotched,Others
EBS_SLOPE,2008,480,200,62,4441.360793,582152.6079,EBS,0.171791776,762.9892581,2945.901847,5936.819738,whiteblotched skate,Bathyraja maculata,Y,5,5,Minor,Whiteblotched,Whiteblotched,Others
EBS_SLOPE,2010,480,200,65,4055.109793,330048.5117,EBS,0.141672733,574.4984871,2929.092758,5181.126828,whiteblotched skate,Bathyraja maculata,Y,5,5,Minor,Whiteblotched,Whiteblotched,Others
EBS_SLOPE,2002,480,141,42,3927.798982,825227.6187,EBS,0.231279758,908.4203975,2147.295003,5708.302961,whiteblotched skate,Bathyraja maculata,Y,5,5,Minor,Whiteblotched,Whiteblotched,Others
EBS_SLOPE,2012,480,189,49,5752.994297,1268637.855,EBS,0.19578296,1126.338251,3545.371326,7960.617268,whiteblotched skate,Bathyraja maculata,Y,5,5,Minor,Whiteblotched,Whiteblotched,Others
EBS_SLOPE,2004,485,231,98,1755.297323,123814.812,EBS,0.200463639,351.8732897,1065.625675,2444.968971,whitebrow skate,Bathyraja minispinosa,Y,5,5,Minor,Whitebrow,Minor,Others
EBS_SLOPE,2012,485,189,78,1336.365854,39611.05913,EBS,0.148930229,199.0252726,946.2763198,1726.455388,whitebrow skate,Bathyraja minispinosa,Y,5,5,Minor,Whitebrow,Minor,Others
EBS_SLOPE,2016,485,175,79,1359.456527,41057.5931,EBS,0.149049807,202.6267334,962.3081299,1756.604925,whitebrow skate,Bathyraja minispinosa,Y,5,5,Minor,Whitebrow,Minor,Others
EBS_SLOPE,2008,485,200,111,1873.888902,101103.0246,EBS,0.169682961,317.967018,1250.673547,2497.104257,whitebrow skate,Bathyraja minispinosa,Y,5,5,Minor,Whitebrow,Minor,Others
EBS_SLOPE,2002,485,141,50,1536.974699,127868.767,EBS,0.232656677,357.5874256,836.1033449,2237.846053,whitebrow skate,Bathyraja minispinosa,Y,5,5,Minor,Whitebrow,Minor,Others
EBS_SLOPE,2010,485,200,99,1908.08418,135900.7625,EBS,0.1932028,368.647206,1185.535656,2630.632704,whitebrow skate,Bathyraja minispinosa,Y,5,5,Minor,Whitebrow,Minor,Others
